"Model","Ecov_how","Ecov_effect","R_sig","NAA_M_re","NAA_re_cor","Ecov_obs_sig","Ecov_re_sig","Ecov_re_cor","Fhist","obs_error","NAA_cor","NAA_re_sig"
"om_1",0,0,0.02,"rec",0,0.02,0.6,0.5,"H-MSY","L","iid",0
"om_2",1,0,0.02,"rec",0,0.02,0.6,0.5,"H-MSY","L","iid",0
"om_3",2,0,0.02,"rec",0,0.02,0.6,0.5,"H-MSY","L","iid",0
"om_4",4,0,0.02,"rec",0,0.02,0.6,0.5,"H-MSY","L","iid",0
"om_5",0,0.5,0.02,"rec",0,0.02,0.6,0.5,"H-MSY","L","iid",0
"om_6",1,0.5,0.02,"rec",0,0.02,0.6,0.5,"H-MSY","L","iid",0
"om_7",2,0.5,0.02,"rec",0,0.02,0.6,0.5,"H-MSY","L","iid",0
"om_8",4,0.5,0.02,"rec",0,0.02,0.6,0.5,"H-MSY","L","iid",0
"om_9",0,3,0.02,"rec",0,0.02,0.6,0.5,"H-MSY","L","iid",0
"om_10",1,3,0.02,"rec",0,0.02,0.6,0.5,"H-MSY","L","iid",0
"om_11",2,3,0.02,"rec",0,0.02,0.6,0.5,"H-MSY","L","iid",0
"om_12",4,3,0.02,"rec",0,0.02,0.6,0.5,"H-MSY","L","iid",0
"om_13",0,0,0.5,"rec",0,0.02,0.6,0.5,"H-MSY","L","iid",0
"om_14",1,0,0.5,"rec",0,0.02,0.6,0.5,"H-MSY","L","iid",0
"om_15",2,0,0.5,"rec",0,0.02,0.6,0.5,"H-MSY","L","iid",0
"om_16",4,0,0.5,"rec",0,0.02,0.6,0.5,"H-MSY","L","iid",0
"om_17",0,0.5,0.5,"rec",0,0.02,0.6,0.5,"H-MSY","L","iid",0
"om_18",1,0.5,0.5,"rec",0,0.02,0.6,0.5,"H-MSY","L","iid",0
"om_19",2,0.5,0.5,"rec",0,0.02,0.6,0.5,"H-MSY","L","iid",0
"om_20",4,0.5,0.5,"rec",0,0.02,0.6,0.5,"H-MSY","L","iid",0
"om_21",0,3,0.5,"rec",0,0.02,0.6,0.5,"H-MSY","L","iid",0
"om_22",1,3,0.5,"rec",0,0.02,0.6,0.5,"H-MSY","L","iid",0
"om_23",2,3,0.5,"rec",0,0.02,0.6,0.5,"H-MSY","L","iid",0
"om_24",4,3,0.5,"rec",0,0.02,0.6,0.5,"H-MSY","L","iid",0
"om_25",0,0,0.02,"rec+1",0,0.02,0.6,0.5,"H-MSY","L","iid",0.2
"om_26",1,0,0.02,"rec+1",0,0.02,0.6,0.5,"H-MSY","L","iid",0.2
"om_27",2,0,0.02,"rec+1",0,0.02,0.6,0.5,"H-MSY","L","iid",0.2
"om_28",4,0,0.02,"rec+1",0,0.02,0.6,0.5,"H-MSY","L","iid",0.2
"om_29",0,0.5,0.02,"rec+1",0,0.02,0.6,0.5,"H-MSY","L","iid",0.2
"om_30",1,0.5,0.02,"rec+1",0,0.02,0.6,0.5,"H-MSY","L","iid",0.2
"om_31",2,0.5,0.02,"rec+1",0,0.02,0.6,0.5,"H-MSY","L","iid",0.2
"om_32",4,0.5,0.02,"rec+1",0,0.02,0.6,0.5,"H-MSY","L","iid",0.2
"om_33",0,3,0.02,"rec+1",0,0.02,0.6,0.5,"H-MSY","L","iid",0.2
"om_34",1,3,0.02,"rec+1",0,0.02,0.6,0.5,"H-MSY","L","iid",0.2
"om_35",2,3,0.02,"rec+1",0,0.02,0.6,0.5,"H-MSY","L","iid",0.2
"om_36",4,3,0.02,"rec+1",0,0.02,0.6,0.5,"H-MSY","L","iid",0.2
"om_37",0,0,0.5,"rec+1",0,0.02,0.6,0.5,"H-MSY","L","iid",0.2
"om_38",1,0,0.5,"rec+1",0,0.02,0.6,0.5,"H-MSY","L","iid",0.2
"om_39",2,0,0.5,"rec+1",0,0.02,0.6,0.5,"H-MSY","L","iid",0.2
"om_40",4,0,0.5,"rec+1",0,0.02,0.6,0.5,"H-MSY","L","iid",0.2
"om_41",0,0.5,0.5,"rec+1",0,0.02,0.6,0.5,"H-MSY","L","iid",0.2
"om_42",1,0.5,0.5,"rec+1",0,0.02,0.6,0.5,"H-MSY","L","iid",0.2
"om_43",2,0.5,0.5,"rec+1",0,0.02,0.6,0.5,"H-MSY","L","iid",0.2
"om_44",4,0.5,0.5,"rec+1",0,0.02,0.6,0.5,"H-MSY","L","iid",0.2
"om_45",0,3,0.5,"rec+1",0,0.02,0.6,0.5,"H-MSY","L","iid",0.2
"om_46",1,3,0.5,"rec+1",0,0.02,0.6,0.5,"H-MSY","L","iid",0.2
"om_47",2,3,0.5,"rec+1",0,0.02,0.6,0.5,"H-MSY","L","iid",0.2
"om_48",4,3,0.5,"rec+1",0,0.02,0.6,0.5,"H-MSY","L","iid",0.2
"om_49",0,0,0.02,"rec",0.5,0.02,0.6,0.5,"H-MSY","L","ar1_y",0
"om_50",1,0,0.02,"rec",0.5,0.02,0.6,0.5,"H-MSY","L","ar1_y",0
"om_51",2,0,0.02,"rec",0.5,0.02,0.6,0.5,"H-MSY","L","ar1_y",0
"om_52",4,0,0.02,"rec",0.5,0.02,0.6,0.5,"H-MSY","L","ar1_y",0
"om_53",0,0.5,0.02,"rec",0.5,0.02,0.6,0.5,"H-MSY","L","ar1_y",0
"om_54",1,0.5,0.02,"rec",0.5,0.02,0.6,0.5,"H-MSY","L","ar1_y",0
"om_55",2,0.5,0.02,"rec",0.5,0.02,0.6,0.5,"H-MSY","L","ar1_y",0
"om_56",4,0.5,0.02,"rec",0.5,0.02,0.6,0.5,"H-MSY","L","ar1_y",0
"om_57",0,3,0.02,"rec",0.5,0.02,0.6,0.5,"H-MSY","L","ar1_y",0
"om_58",1,3,0.02,"rec",0.5,0.02,0.6,0.5,"H-MSY","L","ar1_y",0
"om_59",2,3,0.02,"rec",0.5,0.02,0.6,0.5,"H-MSY","L","ar1_y",0
"om_60",4,3,0.02,"rec",0.5,0.02,0.6,0.5,"H-MSY","L","ar1_y",0
"om_61",0,0,0.5,"rec",0.5,0.02,0.6,0.5,"H-MSY","L","ar1_y",0
"om_62",1,0,0.5,"rec",0.5,0.02,0.6,0.5,"H-MSY","L","ar1_y",0
"om_63",2,0,0.5,"rec",0.5,0.02,0.6,0.5,"H-MSY","L","ar1_y",0
"om_64",4,0,0.5,"rec",0.5,0.02,0.6,0.5,"H-MSY","L","ar1_y",0
"om_65",0,0.5,0.5,"rec",0.5,0.02,0.6,0.5,"H-MSY","L","ar1_y",0
"om_66",1,0.5,0.5,"rec",0.5,0.02,0.6,0.5,"H-MSY","L","ar1_y",0
"om_67",2,0.5,0.5,"rec",0.5,0.02,0.6,0.5,"H-MSY","L","ar1_y",0
"om_68",4,0.5,0.5,"rec",0.5,0.02,0.6,0.5,"H-MSY","L","ar1_y",0
"om_69",0,3,0.5,"rec",0.5,0.02,0.6,0.5,"H-MSY","L","ar1_y",0
"om_70",1,3,0.5,"rec",0.5,0.02,0.6,0.5,"H-MSY","L","ar1_y",0
"om_71",2,3,0.5,"rec",0.5,0.02,0.6,0.5,"H-MSY","L","ar1_y",0
"om_72",4,3,0.5,"rec",0.5,0.02,0.6,0.5,"H-MSY","L","ar1_y",0
"om_73",0,0,0.02,"rec+1",0.5,0.02,0.6,0.5,"H-MSY","L","ar1_y",0.2
"om_74",1,0,0.02,"rec+1",0.5,0.02,0.6,0.5,"H-MSY","L","ar1_y",0.2
"om_75",2,0,0.02,"rec+1",0.5,0.02,0.6,0.5,"H-MSY","L","ar1_y",0.2
"om_76",4,0,0.02,"rec+1",0.5,0.02,0.6,0.5,"H-MSY","L","ar1_y",0.2
"om_77",0,0.5,0.02,"rec+1",0.5,0.02,0.6,0.5,"H-MSY","L","ar1_y",0.2
"om_78",1,0.5,0.02,"rec+1",0.5,0.02,0.6,0.5,"H-MSY","L","ar1_y",0.2
"om_79",2,0.5,0.02,"rec+1",0.5,0.02,0.6,0.5,"H-MSY","L","ar1_y",0.2
"om_80",4,0.5,0.02,"rec+1",0.5,0.02,0.6,0.5,"H-MSY","L","ar1_y",0.2
"om_81",0,3,0.02,"rec+1",0.5,0.02,0.6,0.5,"H-MSY","L","ar1_y",0.2
"om_82",1,3,0.02,"rec+1",0.5,0.02,0.6,0.5,"H-MSY","L","ar1_y",0.2
"om_83",2,3,0.02,"rec+1",0.5,0.02,0.6,0.5,"H-MSY","L","ar1_y",0.2
"om_84",4,3,0.02,"rec+1",0.5,0.02,0.6,0.5,"H-MSY","L","ar1_y",0.2
"om_85",0,0,0.5,"rec+1",0.5,0.02,0.6,0.5,"H-MSY","L","ar1_y",0.2
"om_86",1,0,0.5,"rec+1",0.5,0.02,0.6,0.5,"H-MSY","L","ar1_y",0.2
"om_87",2,0,0.5,"rec+1",0.5,0.02,0.6,0.5,"H-MSY","L","ar1_y",0.2
"om_88",4,0,0.5,"rec+1",0.5,0.02,0.6,0.5,"H-MSY","L","ar1_y",0.2
"om_89",0,0.5,0.5,"rec+1",0.5,0.02,0.6,0.5,"H-MSY","L","ar1_y",0.2
"om_90",1,0.5,0.5,"rec+1",0.5,0.02,0.6,0.5,"H-MSY","L","ar1_y",0.2
"om_91",2,0.5,0.5,"rec+1",0.5,0.02,0.6,0.5,"H-MSY","L","ar1_y",0.2
"om_92",4,0.5,0.5,"rec+1",0.5,0.02,0.6,0.5,"H-MSY","L","ar1_y",0.2
"om_93",0,3,0.5,"rec+1",0.5,0.02,0.6,0.5,"H-MSY","L","ar1_y",0.2
"om_94",1,3,0.5,"rec+1",0.5,0.02,0.6,0.5,"H-MSY","L","ar1_y",0.2
"om_95",2,3,0.5,"rec+1",0.5,0.02,0.6,0.5,"H-MSY","L","ar1_y",0.2
"om_96",4,3,0.5,"rec+1",0.5,0.02,0.6,0.5,"H-MSY","L","ar1_y",0.2
"om_97",0,0,0.02,"rec",0,0.5,0.6,0.5,"H-MSY","L","iid",0
"om_98",1,0,0.02,"rec",0,0.5,0.6,0.5,"H-MSY","L","iid",0
"om_99",2,0,0.02,"rec",0,0.5,0.6,0.5,"H-MSY","L","iid",0
"om_100",4,0,0.02,"rec",0,0.5,0.6,0.5,"H-MSY","L","iid",0
"om_101",0,0.5,0.02,"rec",0,0.5,0.6,0.5,"H-MSY","L","iid",0
"om_102",1,0.5,0.02,"rec",0,0.5,0.6,0.5,"H-MSY","L","iid",0
"om_103",2,0.5,0.02,"rec",0,0.5,0.6,0.5,"H-MSY","L","iid",0
"om_104",4,0.5,0.02,"rec",0,0.5,0.6,0.5,"H-MSY","L","iid",0
"om_105",0,3,0.02,"rec",0,0.5,0.6,0.5,"H-MSY","L","iid",0
"om_106",1,3,0.02,"rec",0,0.5,0.6,0.5,"H-MSY","L","iid",0
"om_107",2,3,0.02,"rec",0,0.5,0.6,0.5,"H-MSY","L","iid",0
"om_108",4,3,0.02,"rec",0,0.5,0.6,0.5,"H-MSY","L","iid",0
"om_109",0,0,0.5,"rec",0,0.5,0.6,0.5,"H-MSY","L","iid",0
"om_110",1,0,0.5,"rec",0,0.5,0.6,0.5,"H-MSY","L","iid",0
"om_111",2,0,0.5,"rec",0,0.5,0.6,0.5,"H-MSY","L","iid",0
"om_112",4,0,0.5,"rec",0,0.5,0.6,0.5,"H-MSY","L","iid",0
"om_113",0,0.5,0.5,"rec",0,0.5,0.6,0.5,"H-MSY","L","iid",0
"om_114",1,0.5,0.5,"rec",0,0.5,0.6,0.5,"H-MSY","L","iid",0
"om_115",2,0.5,0.5,"rec",0,0.5,0.6,0.5,"H-MSY","L","iid",0
"om_116",4,0.5,0.5,"rec",0,0.5,0.6,0.5,"H-MSY","L","iid",0
"om_117",0,3,0.5,"rec",0,0.5,0.6,0.5,"H-MSY","L","iid",0
"om_118",1,3,0.5,"rec",0,0.5,0.6,0.5,"H-MSY","L","iid",0
"om_119",2,3,0.5,"rec",0,0.5,0.6,0.5,"H-MSY","L","iid",0
"om_120",4,3,0.5,"rec",0,0.5,0.6,0.5,"H-MSY","L","iid",0
"om_121",0,0,0.02,"rec+1",0,0.5,0.6,0.5,"H-MSY","L","iid",0.2
"om_122",1,0,0.02,"rec+1",0,0.5,0.6,0.5,"H-MSY","L","iid",0.2
"om_123",2,0,0.02,"rec+1",0,0.5,0.6,0.5,"H-MSY","L","iid",0.2
"om_124",4,0,0.02,"rec+1",0,0.5,0.6,0.5,"H-MSY","L","iid",0.2
"om_125",0,0.5,0.02,"rec+1",0,0.5,0.6,0.5,"H-MSY","L","iid",0.2
"om_126",1,0.5,0.02,"rec+1",0,0.5,0.6,0.5,"H-MSY","L","iid",0.2
"om_127",2,0.5,0.02,"rec+1",0,0.5,0.6,0.5,"H-MSY","L","iid",0.2
"om_128",4,0.5,0.02,"rec+1",0,0.5,0.6,0.5,"H-MSY","L","iid",0.2
"om_129",0,3,0.02,"rec+1",0,0.5,0.6,0.5,"H-MSY","L","iid",0.2
"om_130",1,3,0.02,"rec+1",0,0.5,0.6,0.5,"H-MSY","L","iid",0.2
"om_131",2,3,0.02,"rec+1",0,0.5,0.6,0.5,"H-MSY","L","iid",0.2
"om_132",4,3,0.02,"rec+1",0,0.5,0.6,0.5,"H-MSY","L","iid",0.2
"om_133",0,0,0.5,"rec+1",0,0.5,0.6,0.5,"H-MSY","L","iid",0.2
"om_134",1,0,0.5,"rec+1",0,0.5,0.6,0.5,"H-MSY","L","iid",0.2
"om_135",2,0,0.5,"rec+1",0,0.5,0.6,0.5,"H-MSY","L","iid",0.2
"om_136",4,0,0.5,"rec+1",0,0.5,0.6,0.5,"H-MSY","L","iid",0.2
"om_137",0,0.5,0.5,"rec+1",0,0.5,0.6,0.5,"H-MSY","L","iid",0.2
"om_138",1,0.5,0.5,"rec+1",0,0.5,0.6,0.5,"H-MSY","L","iid",0.2
"om_139",2,0.5,0.5,"rec+1",0,0.5,0.6,0.5,"H-MSY","L","iid",0.2
"om_140",4,0.5,0.5,"rec+1",0,0.5,0.6,0.5,"H-MSY","L","iid",0.2
"om_141",0,3,0.5,"rec+1",0,0.5,0.6,0.5,"H-MSY","L","iid",0.2
"om_142",1,3,0.5,"rec+1",0,0.5,0.6,0.5,"H-MSY","L","iid",0.2
"om_143",2,3,0.5,"rec+1",0,0.5,0.6,0.5,"H-MSY","L","iid",0.2
"om_144",4,3,0.5,"rec+1",0,0.5,0.6,0.5,"H-MSY","L","iid",0.2
"om_145",0,0,0.02,"rec",0.5,0.5,0.6,0.5,"H-MSY","L","ar1_y",0
"om_146",1,0,0.02,"rec",0.5,0.5,0.6,0.5,"H-MSY","L","ar1_y",0
"om_147",2,0,0.02,"rec",0.5,0.5,0.6,0.5,"H-MSY","L","ar1_y",0
"om_148",4,0,0.02,"rec",0.5,0.5,0.6,0.5,"H-MSY","L","ar1_y",0
"om_149",0,0.5,0.02,"rec",0.5,0.5,0.6,0.5,"H-MSY","L","ar1_y",0
"om_150",1,0.5,0.02,"rec",0.5,0.5,0.6,0.5,"H-MSY","L","ar1_y",0
"om_151",2,0.5,0.02,"rec",0.5,0.5,0.6,0.5,"H-MSY","L","ar1_y",0
"om_152",4,0.5,0.02,"rec",0.5,0.5,0.6,0.5,"H-MSY","L","ar1_y",0
"om_153",0,3,0.02,"rec",0.5,0.5,0.6,0.5,"H-MSY","L","ar1_y",0
"om_154",1,3,0.02,"rec",0.5,0.5,0.6,0.5,"H-MSY","L","ar1_y",0
"om_155",2,3,0.02,"rec",0.5,0.5,0.6,0.5,"H-MSY","L","ar1_y",0
"om_156",4,3,0.02,"rec",0.5,0.5,0.6,0.5,"H-MSY","L","ar1_y",0
"om_157",0,0,0.5,"rec",0.5,0.5,0.6,0.5,"H-MSY","L","ar1_y",0
"om_158",1,0,0.5,"rec",0.5,0.5,0.6,0.5,"H-MSY","L","ar1_y",0
"om_159",2,0,0.5,"rec",0.5,0.5,0.6,0.5,"H-MSY","L","ar1_y",0
"om_160",4,0,0.5,"rec",0.5,0.5,0.6,0.5,"H-MSY","L","ar1_y",0
"om_161",0,0.5,0.5,"rec",0.5,0.5,0.6,0.5,"H-MSY","L","ar1_y",0
"om_162",1,0.5,0.5,"rec",0.5,0.5,0.6,0.5,"H-MSY","L","ar1_y",0
"om_163",2,0.5,0.5,"rec",0.5,0.5,0.6,0.5,"H-MSY","L","ar1_y",0
"om_164",4,0.5,0.5,"rec",0.5,0.5,0.6,0.5,"H-MSY","L","ar1_y",0
"om_165",0,3,0.5,"rec",0.5,0.5,0.6,0.5,"H-MSY","L","ar1_y",0
"om_166",1,3,0.5,"rec",0.5,0.5,0.6,0.5,"H-MSY","L","ar1_y",0
"om_167",2,3,0.5,"rec",0.5,0.5,0.6,0.5,"H-MSY","L","ar1_y",0
"om_168",4,3,0.5,"rec",0.5,0.5,0.6,0.5,"H-MSY","L","ar1_y",0
"om_169",0,0,0.02,"rec+1",0.5,0.5,0.6,0.5,"H-MSY","L","ar1_y",0.2
"om_170",1,0,0.02,"rec+1",0.5,0.5,0.6,0.5,"H-MSY","L","ar1_y",0.2
"om_171",2,0,0.02,"rec+1",0.5,0.5,0.6,0.5,"H-MSY","L","ar1_y",0.2
"om_172",4,0,0.02,"rec+1",0.5,0.5,0.6,0.5,"H-MSY","L","ar1_y",0.2
"om_173",0,0.5,0.02,"rec+1",0.5,0.5,0.6,0.5,"H-MSY","L","ar1_y",0.2
"om_174",1,0.5,0.02,"rec+1",0.5,0.5,0.6,0.5,"H-MSY","L","ar1_y",0.2
"om_175",2,0.5,0.02,"rec+1",0.5,0.5,0.6,0.5,"H-MSY","L","ar1_y",0.2
"om_176",4,0.5,0.02,"rec+1",0.5,0.5,0.6,0.5,"H-MSY","L","ar1_y",0.2
"om_177",0,3,0.02,"rec+1",0.5,0.5,0.6,0.5,"H-MSY","L","ar1_y",0.2
"om_178",1,3,0.02,"rec+1",0.5,0.5,0.6,0.5,"H-MSY","L","ar1_y",0.2
"om_179",2,3,0.02,"rec+1",0.5,0.5,0.6,0.5,"H-MSY","L","ar1_y",0.2
"om_180",4,3,0.02,"rec+1",0.5,0.5,0.6,0.5,"H-MSY","L","ar1_y",0.2
"om_181",0,0,0.5,"rec+1",0.5,0.5,0.6,0.5,"H-MSY","L","ar1_y",0.2
"om_182",1,0,0.5,"rec+1",0.5,0.5,0.6,0.5,"H-MSY","L","ar1_y",0.2
"om_183",2,0,0.5,"rec+1",0.5,0.5,0.6,0.5,"H-MSY","L","ar1_y",0.2
"om_184",4,0,0.5,"rec+1",0.5,0.5,0.6,0.5,"H-MSY","L","ar1_y",0.2
"om_185",0,0.5,0.5,"rec+1",0.5,0.5,0.6,0.5,"H-MSY","L","ar1_y",0.2
"om_186",1,0.5,0.5,"rec+1",0.5,0.5,0.6,0.5,"H-MSY","L","ar1_y",0.2
"om_187",2,0.5,0.5,"rec+1",0.5,0.5,0.6,0.5,"H-MSY","L","ar1_y",0.2
"om_188",4,0.5,0.5,"rec+1",0.5,0.5,0.6,0.5,"H-MSY","L","ar1_y",0.2
"om_189",0,3,0.5,"rec+1",0.5,0.5,0.6,0.5,"H-MSY","L","ar1_y",0.2
"om_190",1,3,0.5,"rec+1",0.5,0.5,0.6,0.5,"H-MSY","L","ar1_y",0.2
"om_191",2,3,0.5,"rec+1",0.5,0.5,0.6,0.5,"H-MSY","L","ar1_y",0.2
"om_192",4,3,0.5,"rec+1",0.5,0.5,0.6,0.5,"H-MSY","L","ar1_y",0.2
"om_193",0,0,0.02,"rec",0,0.02,0.6,0,"H-MSY","L","iid",0
"om_194",1,0,0.02,"rec",0,0.02,0.6,0,"H-MSY","L","iid",0
"om_195",2,0,0.02,"rec",0,0.02,0.6,0,"H-MSY","L","iid",0
"om_196",4,0,0.02,"rec",0,0.02,0.6,0,"H-MSY","L","iid",0
"om_197",0,0.5,0.02,"rec",0,0.02,0.6,0,"H-MSY","L","iid",0
"om_198",1,0.5,0.02,"rec",0,0.02,0.6,0,"H-MSY","L","iid",0
"om_199",2,0.5,0.02,"rec",0,0.02,0.6,0,"H-MSY","L","iid",0
"om_200",4,0.5,0.02,"rec",0,0.02,0.6,0,"H-MSY","L","iid",0
"om_201",0,3,0.02,"rec",0,0.02,0.6,0,"H-MSY","L","iid",0
"om_202",1,3,0.02,"rec",0,0.02,0.6,0,"H-MSY","L","iid",0
"om_203",2,3,0.02,"rec",0,0.02,0.6,0,"H-MSY","L","iid",0
"om_204",4,3,0.02,"rec",0,0.02,0.6,0,"H-MSY","L","iid",0
"om_205",0,0,0.5,"rec",0,0.02,0.6,0,"H-MSY","L","iid",0
"om_206",1,0,0.5,"rec",0,0.02,0.6,0,"H-MSY","L","iid",0
"om_207",2,0,0.5,"rec",0,0.02,0.6,0,"H-MSY","L","iid",0
"om_208",4,0,0.5,"rec",0,0.02,0.6,0,"H-MSY","L","iid",0
"om_209",0,0.5,0.5,"rec",0,0.02,0.6,0,"H-MSY","L","iid",0
"om_210",1,0.5,0.5,"rec",0,0.02,0.6,0,"H-MSY","L","iid",0
"om_211",2,0.5,0.5,"rec",0,0.02,0.6,0,"H-MSY","L","iid",0
"om_212",4,0.5,0.5,"rec",0,0.02,0.6,0,"H-MSY","L","iid",0
"om_213",0,3,0.5,"rec",0,0.02,0.6,0,"H-MSY","L","iid",0
"om_214",1,3,0.5,"rec",0,0.02,0.6,0,"H-MSY","L","iid",0
"om_215",2,3,0.5,"rec",0,0.02,0.6,0,"H-MSY","L","iid",0
"om_216",4,3,0.5,"rec",0,0.02,0.6,0,"H-MSY","L","iid",0
"om_217",0,0,0.02,"rec+1",0,0.02,0.6,0,"H-MSY","L","iid",0.2
"om_218",1,0,0.02,"rec+1",0,0.02,0.6,0,"H-MSY","L","iid",0.2
"om_219",2,0,0.02,"rec+1",0,0.02,0.6,0,"H-MSY","L","iid",0.2
"om_220",4,0,0.02,"rec+1",0,0.02,0.6,0,"H-MSY","L","iid",0.2
"om_221",0,0.5,0.02,"rec+1",0,0.02,0.6,0,"H-MSY","L","iid",0.2
"om_222",1,0.5,0.02,"rec+1",0,0.02,0.6,0,"H-MSY","L","iid",0.2
"om_223",2,0.5,0.02,"rec+1",0,0.02,0.6,0,"H-MSY","L","iid",0.2
"om_224",4,0.5,0.02,"rec+1",0,0.02,0.6,0,"H-MSY","L","iid",0.2
"om_225",0,3,0.02,"rec+1",0,0.02,0.6,0,"H-MSY","L","iid",0.2
"om_226",1,3,0.02,"rec+1",0,0.02,0.6,0,"H-MSY","L","iid",0.2
"om_227",2,3,0.02,"rec+1",0,0.02,0.6,0,"H-MSY","L","iid",0.2
"om_228",4,3,0.02,"rec+1",0,0.02,0.6,0,"H-MSY","L","iid",0.2
"om_229",0,0,0.5,"rec+1",0,0.02,0.6,0,"H-MSY","L","iid",0.2
"om_230",1,0,0.5,"rec+1",0,0.02,0.6,0,"H-MSY","L","iid",0.2
"om_231",2,0,0.5,"rec+1",0,0.02,0.6,0,"H-MSY","L","iid",0.2
"om_232",4,0,0.5,"rec+1",0,0.02,0.6,0,"H-MSY","L","iid",0.2
"om_233",0,0.5,0.5,"rec+1",0,0.02,0.6,0,"H-MSY","L","iid",0.2
"om_234",1,0.5,0.5,"rec+1",0,0.02,0.6,0,"H-MSY","L","iid",0.2
"om_235",2,0.5,0.5,"rec+1",0,0.02,0.6,0,"H-MSY","L","iid",0.2
"om_236",4,0.5,0.5,"rec+1",0,0.02,0.6,0,"H-MSY","L","iid",0.2
"om_237",0,3,0.5,"rec+1",0,0.02,0.6,0,"H-MSY","L","iid",0.2
"om_238",1,3,0.5,"rec+1",0,0.02,0.6,0,"H-MSY","L","iid",0.2
"om_239",2,3,0.5,"rec+1",0,0.02,0.6,0,"H-MSY","L","iid",0.2
"om_240",4,3,0.5,"rec+1",0,0.02,0.6,0,"H-MSY","L","iid",0.2
"om_241",0,0,0.02,"rec",0.5,0.02,0.6,0,"H-MSY","L","ar1_y",0
"om_242",1,0,0.02,"rec",0.5,0.02,0.6,0,"H-MSY","L","ar1_y",0
"om_243",2,0,0.02,"rec",0.5,0.02,0.6,0,"H-MSY","L","ar1_y",0
"om_244",4,0,0.02,"rec",0.5,0.02,0.6,0,"H-MSY","L","ar1_y",0
"om_245",0,0.5,0.02,"rec",0.5,0.02,0.6,0,"H-MSY","L","ar1_y",0
"om_246",1,0.5,0.02,"rec",0.5,0.02,0.6,0,"H-MSY","L","ar1_y",0
"om_247",2,0.5,0.02,"rec",0.5,0.02,0.6,0,"H-MSY","L","ar1_y",0
"om_248",4,0.5,0.02,"rec",0.5,0.02,0.6,0,"H-MSY","L","ar1_y",0
"om_249",0,3,0.02,"rec",0.5,0.02,0.6,0,"H-MSY","L","ar1_y",0
"om_250",1,3,0.02,"rec",0.5,0.02,0.6,0,"H-MSY","L","ar1_y",0
"om_251",2,3,0.02,"rec",0.5,0.02,0.6,0,"H-MSY","L","ar1_y",0
"om_252",4,3,0.02,"rec",0.5,0.02,0.6,0,"H-MSY","L","ar1_y",0
"om_253",0,0,0.5,"rec",0.5,0.02,0.6,0,"H-MSY","L","ar1_y",0
"om_254",1,0,0.5,"rec",0.5,0.02,0.6,0,"H-MSY","L","ar1_y",0
"om_255",2,0,0.5,"rec",0.5,0.02,0.6,0,"H-MSY","L","ar1_y",0
"om_256",4,0,0.5,"rec",0.5,0.02,0.6,0,"H-MSY","L","ar1_y",0
"om_257",0,0.5,0.5,"rec",0.5,0.02,0.6,0,"H-MSY","L","ar1_y",0
"om_258",1,0.5,0.5,"rec",0.5,0.02,0.6,0,"H-MSY","L","ar1_y",0
"om_259",2,0.5,0.5,"rec",0.5,0.02,0.6,0,"H-MSY","L","ar1_y",0
"om_260",4,0.5,0.5,"rec",0.5,0.02,0.6,0,"H-MSY","L","ar1_y",0
"om_261",0,3,0.5,"rec",0.5,0.02,0.6,0,"H-MSY","L","ar1_y",0
"om_262",1,3,0.5,"rec",0.5,0.02,0.6,0,"H-MSY","L","ar1_y",0
"om_263",2,3,0.5,"rec",0.5,0.02,0.6,0,"H-MSY","L","ar1_y",0
"om_264",4,3,0.5,"rec",0.5,0.02,0.6,0,"H-MSY","L","ar1_y",0
"om_265",0,0,0.02,"rec+1",0.5,0.02,0.6,0,"H-MSY","L","ar1_y",0.2
"om_266",1,0,0.02,"rec+1",0.5,0.02,0.6,0,"H-MSY","L","ar1_y",0.2
"om_267",2,0,0.02,"rec+1",0.5,0.02,0.6,0,"H-MSY","L","ar1_y",0.2
"om_268",4,0,0.02,"rec+1",0.5,0.02,0.6,0,"H-MSY","L","ar1_y",0.2
"om_269",0,0.5,0.02,"rec+1",0.5,0.02,0.6,0,"H-MSY","L","ar1_y",0.2
"om_270",1,0.5,0.02,"rec+1",0.5,0.02,0.6,0,"H-MSY","L","ar1_y",0.2
"om_271",2,0.5,0.02,"rec+1",0.5,0.02,0.6,0,"H-MSY","L","ar1_y",0.2
"om_272",4,0.5,0.02,"rec+1",0.5,0.02,0.6,0,"H-MSY","L","ar1_y",0.2
"om_273",0,3,0.02,"rec+1",0.5,0.02,0.6,0,"H-MSY","L","ar1_y",0.2
"om_274",1,3,0.02,"rec+1",0.5,0.02,0.6,0,"H-MSY","L","ar1_y",0.2
"om_275",2,3,0.02,"rec+1",0.5,0.02,0.6,0,"H-MSY","L","ar1_y",0.2
"om_276",4,3,0.02,"rec+1",0.5,0.02,0.6,0,"H-MSY","L","ar1_y",0.2
"om_277",0,0,0.5,"rec+1",0.5,0.02,0.6,0,"H-MSY","L","ar1_y",0.2
"om_278",1,0,0.5,"rec+1",0.5,0.02,0.6,0,"H-MSY","L","ar1_y",0.2
"om_279",2,0,0.5,"rec+1",0.5,0.02,0.6,0,"H-MSY","L","ar1_y",0.2
"om_280",4,0,0.5,"rec+1",0.5,0.02,0.6,0,"H-MSY","L","ar1_y",0.2
"om_281",0,0.5,0.5,"rec+1",0.5,0.02,0.6,0,"H-MSY","L","ar1_y",0.2
"om_282",1,0.5,0.5,"rec+1",0.5,0.02,0.6,0,"H-MSY","L","ar1_y",0.2
"om_283",2,0.5,0.5,"rec+1",0.5,0.02,0.6,0,"H-MSY","L","ar1_y",0.2
"om_284",4,0.5,0.5,"rec+1",0.5,0.02,0.6,0,"H-MSY","L","ar1_y",0.2
"om_285",0,3,0.5,"rec+1",0.5,0.02,0.6,0,"H-MSY","L","ar1_y",0.2
"om_286",1,3,0.5,"rec+1",0.5,0.02,0.6,0,"H-MSY","L","ar1_y",0.2
"om_287",2,3,0.5,"rec+1",0.5,0.02,0.6,0,"H-MSY","L","ar1_y",0.2
"om_288",4,3,0.5,"rec+1",0.5,0.02,0.6,0,"H-MSY","L","ar1_y",0.2
"om_289",0,0,0.02,"rec",0,0.5,0.6,0,"H-MSY","L","iid",0
"om_290",1,0,0.02,"rec",0,0.5,0.6,0,"H-MSY","L","iid",0
"om_291",2,0,0.02,"rec",0,0.5,0.6,0,"H-MSY","L","iid",0
"om_292",4,0,0.02,"rec",0,0.5,0.6,0,"H-MSY","L","iid",0
"om_293",0,0.5,0.02,"rec",0,0.5,0.6,0,"H-MSY","L","iid",0
"om_294",1,0.5,0.02,"rec",0,0.5,0.6,0,"H-MSY","L","iid",0
"om_295",2,0.5,0.02,"rec",0,0.5,0.6,0,"H-MSY","L","iid",0
"om_296",4,0.5,0.02,"rec",0,0.5,0.6,0,"H-MSY","L","iid",0
"om_297",0,3,0.02,"rec",0,0.5,0.6,0,"H-MSY","L","iid",0
"om_298",1,3,0.02,"rec",0,0.5,0.6,0,"H-MSY","L","iid",0
"om_299",2,3,0.02,"rec",0,0.5,0.6,0,"H-MSY","L","iid",0
"om_300",4,3,0.02,"rec",0,0.5,0.6,0,"H-MSY","L","iid",0
"om_301",0,0,0.5,"rec",0,0.5,0.6,0,"H-MSY","L","iid",0
"om_302",1,0,0.5,"rec",0,0.5,0.6,0,"H-MSY","L","iid",0
"om_303",2,0,0.5,"rec",0,0.5,0.6,0,"H-MSY","L","iid",0
"om_304",4,0,0.5,"rec",0,0.5,0.6,0,"H-MSY","L","iid",0
"om_305",0,0.5,0.5,"rec",0,0.5,0.6,0,"H-MSY","L","iid",0
"om_306",1,0.5,0.5,"rec",0,0.5,0.6,0,"H-MSY","L","iid",0
"om_307",2,0.5,0.5,"rec",0,0.5,0.6,0,"H-MSY","L","iid",0
"om_308",4,0.5,0.5,"rec",0,0.5,0.6,0,"H-MSY","L","iid",0
"om_309",0,3,0.5,"rec",0,0.5,0.6,0,"H-MSY","L","iid",0
"om_310",1,3,0.5,"rec",0,0.5,0.6,0,"H-MSY","L","iid",0
"om_311",2,3,0.5,"rec",0,0.5,0.6,0,"H-MSY","L","iid",0
"om_312",4,3,0.5,"rec",0,0.5,0.6,0,"H-MSY","L","iid",0
"om_313",0,0,0.02,"rec+1",0,0.5,0.6,0,"H-MSY","L","iid",0.2
"om_314",1,0,0.02,"rec+1",0,0.5,0.6,0,"H-MSY","L","iid",0.2
"om_315",2,0,0.02,"rec+1",0,0.5,0.6,0,"H-MSY","L","iid",0.2
"om_316",4,0,0.02,"rec+1",0,0.5,0.6,0,"H-MSY","L","iid",0.2
"om_317",0,0.5,0.02,"rec+1",0,0.5,0.6,0,"H-MSY","L","iid",0.2
"om_318",1,0.5,0.02,"rec+1",0,0.5,0.6,0,"H-MSY","L","iid",0.2
"om_319",2,0.5,0.02,"rec+1",0,0.5,0.6,0,"H-MSY","L","iid",0.2
"om_320",4,0.5,0.02,"rec+1",0,0.5,0.6,0,"H-MSY","L","iid",0.2
"om_321",0,3,0.02,"rec+1",0,0.5,0.6,0,"H-MSY","L","iid",0.2
"om_322",1,3,0.02,"rec+1",0,0.5,0.6,0,"H-MSY","L","iid",0.2
"om_323",2,3,0.02,"rec+1",0,0.5,0.6,0,"H-MSY","L","iid",0.2
"om_324",4,3,0.02,"rec+1",0,0.5,0.6,0,"H-MSY","L","iid",0.2
"om_325",0,0,0.5,"rec+1",0,0.5,0.6,0,"H-MSY","L","iid",0.2
"om_326",1,0,0.5,"rec+1",0,0.5,0.6,0,"H-MSY","L","iid",0.2
"om_327",2,0,0.5,"rec+1",0,0.5,0.6,0,"H-MSY","L","iid",0.2
"om_328",4,0,0.5,"rec+1",0,0.5,0.6,0,"H-MSY","L","iid",0.2
"om_329",0,0.5,0.5,"rec+1",0,0.5,0.6,0,"H-MSY","L","iid",0.2
"om_330",1,0.5,0.5,"rec+1",0,0.5,0.6,0,"H-MSY","L","iid",0.2
"om_331",2,0.5,0.5,"rec+1",0,0.5,0.6,0,"H-MSY","L","iid",0.2
"om_332",4,0.5,0.5,"rec+1",0,0.5,0.6,0,"H-MSY","L","iid",0.2
"om_333",0,3,0.5,"rec+1",0,0.5,0.6,0,"H-MSY","L","iid",0.2
"om_334",1,3,0.5,"rec+1",0,0.5,0.6,0,"H-MSY","L","iid",0.2
"om_335",2,3,0.5,"rec+1",0,0.5,0.6,0,"H-MSY","L","iid",0.2
"om_336",4,3,0.5,"rec+1",0,0.5,0.6,0,"H-MSY","L","iid",0.2
"om_337",0,0,0.02,"rec",0.5,0.5,0.6,0,"H-MSY","L","ar1_y",0
"om_338",1,0,0.02,"rec",0.5,0.5,0.6,0,"H-MSY","L","ar1_y",0
"om_339",2,0,0.02,"rec",0.5,0.5,0.6,0,"H-MSY","L","ar1_y",0
"om_340",4,0,0.02,"rec",0.5,0.5,0.6,0,"H-MSY","L","ar1_y",0
"om_341",0,0.5,0.02,"rec",0.5,0.5,0.6,0,"H-MSY","L","ar1_y",0
"om_342",1,0.5,0.02,"rec",0.5,0.5,0.6,0,"H-MSY","L","ar1_y",0
"om_343",2,0.5,0.02,"rec",0.5,0.5,0.6,0,"H-MSY","L","ar1_y",0
"om_344",4,0.5,0.02,"rec",0.5,0.5,0.6,0,"H-MSY","L","ar1_y",0
"om_345",0,3,0.02,"rec",0.5,0.5,0.6,0,"H-MSY","L","ar1_y",0
"om_346",1,3,0.02,"rec",0.5,0.5,0.6,0,"H-MSY","L","ar1_y",0
"om_347",2,3,0.02,"rec",0.5,0.5,0.6,0,"H-MSY","L","ar1_y",0
"om_348",4,3,0.02,"rec",0.5,0.5,0.6,0,"H-MSY","L","ar1_y",0
"om_349",0,0,0.5,"rec",0.5,0.5,0.6,0,"H-MSY","L","ar1_y",0
"om_350",1,0,0.5,"rec",0.5,0.5,0.6,0,"H-MSY","L","ar1_y",0
"om_351",2,0,0.5,"rec",0.5,0.5,0.6,0,"H-MSY","L","ar1_y",0
"om_352",4,0,0.5,"rec",0.5,0.5,0.6,0,"H-MSY","L","ar1_y",0
"om_353",0,0.5,0.5,"rec",0.5,0.5,0.6,0,"H-MSY","L","ar1_y",0
"om_354",1,0.5,0.5,"rec",0.5,0.5,0.6,0,"H-MSY","L","ar1_y",0
"om_355",2,0.5,0.5,"rec",0.5,0.5,0.6,0,"H-MSY","L","ar1_y",0
"om_356",4,0.5,0.5,"rec",0.5,0.5,0.6,0,"H-MSY","L","ar1_y",0
"om_357",0,3,0.5,"rec",0.5,0.5,0.6,0,"H-MSY","L","ar1_y",0
"om_358",1,3,0.5,"rec",0.5,0.5,0.6,0,"H-MSY","L","ar1_y",0
"om_359",2,3,0.5,"rec",0.5,0.5,0.6,0,"H-MSY","L","ar1_y",0
"om_360",4,3,0.5,"rec",0.5,0.5,0.6,0,"H-MSY","L","ar1_y",0
"om_361",0,0,0.02,"rec+1",0.5,0.5,0.6,0,"H-MSY","L","ar1_y",0.2
"om_362",1,0,0.02,"rec+1",0.5,0.5,0.6,0,"H-MSY","L","ar1_y",0.2
"om_363",2,0,0.02,"rec+1",0.5,0.5,0.6,0,"H-MSY","L","ar1_y",0.2
"om_364",4,0,0.02,"rec+1",0.5,0.5,0.6,0,"H-MSY","L","ar1_y",0.2
"om_365",0,0.5,0.02,"rec+1",0.5,0.5,0.6,0,"H-MSY","L","ar1_y",0.2
"om_366",1,0.5,0.02,"rec+1",0.5,0.5,0.6,0,"H-MSY","L","ar1_y",0.2
"om_367",2,0.5,0.02,"rec+1",0.5,0.5,0.6,0,"H-MSY","L","ar1_y",0.2
"om_368",4,0.5,0.02,"rec+1",0.5,0.5,0.6,0,"H-MSY","L","ar1_y",0.2
"om_369",0,3,0.02,"rec+1",0.5,0.5,0.6,0,"H-MSY","L","ar1_y",0.2
"om_370",1,3,0.02,"rec+1",0.5,0.5,0.6,0,"H-MSY","L","ar1_y",0.2
"om_371",2,3,0.02,"rec+1",0.5,0.5,0.6,0,"H-MSY","L","ar1_y",0.2
"om_372",4,3,0.02,"rec+1",0.5,0.5,0.6,0,"H-MSY","L","ar1_y",0.2
"om_373",0,0,0.5,"rec+1",0.5,0.5,0.6,0,"H-MSY","L","ar1_y",0.2
"om_374",1,0,0.5,"rec+1",0.5,0.5,0.6,0,"H-MSY","L","ar1_y",0.2
"om_375",2,0,0.5,"rec+1",0.5,0.5,0.6,0,"H-MSY","L","ar1_y",0.2
"om_376",4,0,0.5,"rec+1",0.5,0.5,0.6,0,"H-MSY","L","ar1_y",0.2
"om_377",0,0.5,0.5,"rec+1",0.5,0.5,0.6,0,"H-MSY","L","ar1_y",0.2
"om_378",1,0.5,0.5,"rec+1",0.5,0.5,0.6,0,"H-MSY","L","ar1_y",0.2
"om_379",2,0.5,0.5,"rec+1",0.5,0.5,0.6,0,"H-MSY","L","ar1_y",0.2
"om_380",4,0.5,0.5,"rec+1",0.5,0.5,0.6,0,"H-MSY","L","ar1_y",0.2
"om_381",0,3,0.5,"rec+1",0.5,0.5,0.6,0,"H-MSY","L","ar1_y",0.2
"om_382",1,3,0.5,"rec+1",0.5,0.5,0.6,0,"H-MSY","L","ar1_y",0.2
"om_383",2,3,0.5,"rec+1",0.5,0.5,0.6,0,"H-MSY","L","ar1_y",0.2
"om_384",4,3,0.5,"rec+1",0.5,0.5,0.6,0,"H-MSY","L","ar1_y",0.2
"om_385",0,0,0.02,"rec",0,0.02,0.6,0.5,"MSY","L","iid",0
"om_386",1,0,0.02,"rec",0,0.02,0.6,0.5,"MSY","L","iid",0
"om_387",2,0,0.02,"rec",0,0.02,0.6,0.5,"MSY","L","iid",0
"om_388",4,0,0.02,"rec",0,0.02,0.6,0.5,"MSY","L","iid",0
"om_389",0,0.5,0.02,"rec",0,0.02,0.6,0.5,"MSY","L","iid",0
"om_390",1,0.5,0.02,"rec",0,0.02,0.6,0.5,"MSY","L","iid",0
"om_391",2,0.5,0.02,"rec",0,0.02,0.6,0.5,"MSY","L","iid",0
"om_392",4,0.5,0.02,"rec",0,0.02,0.6,0.5,"MSY","L","iid",0
"om_393",0,3,0.02,"rec",0,0.02,0.6,0.5,"MSY","L","iid",0
"om_394",1,3,0.02,"rec",0,0.02,0.6,0.5,"MSY","L","iid",0
"om_395",2,3,0.02,"rec",0,0.02,0.6,0.5,"MSY","L","iid",0
"om_396",4,3,0.02,"rec",0,0.02,0.6,0.5,"MSY","L","iid",0
"om_397",0,0,0.5,"rec",0,0.02,0.6,0.5,"MSY","L","iid",0
"om_398",1,0,0.5,"rec",0,0.02,0.6,0.5,"MSY","L","iid",0
"om_399",2,0,0.5,"rec",0,0.02,0.6,0.5,"MSY","L","iid",0
"om_400",4,0,0.5,"rec",0,0.02,0.6,0.5,"MSY","L","iid",0
"om_401",0,0.5,0.5,"rec",0,0.02,0.6,0.5,"MSY","L","iid",0
"om_402",1,0.5,0.5,"rec",0,0.02,0.6,0.5,"MSY","L","iid",0
"om_403",2,0.5,0.5,"rec",0,0.02,0.6,0.5,"MSY","L","iid",0
"om_404",4,0.5,0.5,"rec",0,0.02,0.6,0.5,"MSY","L","iid",0
"om_405",0,3,0.5,"rec",0,0.02,0.6,0.5,"MSY","L","iid",0
"om_406",1,3,0.5,"rec",0,0.02,0.6,0.5,"MSY","L","iid",0
"om_407",2,3,0.5,"rec",0,0.02,0.6,0.5,"MSY","L","iid",0
"om_408",4,3,0.5,"rec",0,0.02,0.6,0.5,"MSY","L","iid",0
"om_409",0,0,0.02,"rec+1",0,0.02,0.6,0.5,"MSY","L","iid",0.2
"om_410",1,0,0.02,"rec+1",0,0.02,0.6,0.5,"MSY","L","iid",0.2
"om_411",2,0,0.02,"rec+1",0,0.02,0.6,0.5,"MSY","L","iid",0.2
"om_412",4,0,0.02,"rec+1",0,0.02,0.6,0.5,"MSY","L","iid",0.2
"om_413",0,0.5,0.02,"rec+1",0,0.02,0.6,0.5,"MSY","L","iid",0.2
"om_414",1,0.5,0.02,"rec+1",0,0.02,0.6,0.5,"MSY","L","iid",0.2
"om_415",2,0.5,0.02,"rec+1",0,0.02,0.6,0.5,"MSY","L","iid",0.2
"om_416",4,0.5,0.02,"rec+1",0,0.02,0.6,0.5,"MSY","L","iid",0.2
"om_417",0,3,0.02,"rec+1",0,0.02,0.6,0.5,"MSY","L","iid",0.2
"om_418",1,3,0.02,"rec+1",0,0.02,0.6,0.5,"MSY","L","iid",0.2
"om_419",2,3,0.02,"rec+1",0,0.02,0.6,0.5,"MSY","L","iid",0.2
"om_420",4,3,0.02,"rec+1",0,0.02,0.6,0.5,"MSY","L","iid",0.2
"om_421",0,0,0.5,"rec+1",0,0.02,0.6,0.5,"MSY","L","iid",0.2
"om_422",1,0,0.5,"rec+1",0,0.02,0.6,0.5,"MSY","L","iid",0.2
"om_423",2,0,0.5,"rec+1",0,0.02,0.6,0.5,"MSY","L","iid",0.2
"om_424",4,0,0.5,"rec+1",0,0.02,0.6,0.5,"MSY","L","iid",0.2
"om_425",0,0.5,0.5,"rec+1",0,0.02,0.6,0.5,"MSY","L","iid",0.2
"om_426",1,0.5,0.5,"rec+1",0,0.02,0.6,0.5,"MSY","L","iid",0.2
"om_427",2,0.5,0.5,"rec+1",0,0.02,0.6,0.5,"MSY","L","iid",0.2
"om_428",4,0.5,0.5,"rec+1",0,0.02,0.6,0.5,"MSY","L","iid",0.2
"om_429",0,3,0.5,"rec+1",0,0.02,0.6,0.5,"MSY","L","iid",0.2
"om_430",1,3,0.5,"rec+1",0,0.02,0.6,0.5,"MSY","L","iid",0.2
"om_431",2,3,0.5,"rec+1",0,0.02,0.6,0.5,"MSY","L","iid",0.2
"om_432",4,3,0.5,"rec+1",0,0.02,0.6,0.5,"MSY","L","iid",0.2
"om_433",0,0,0.02,"rec",0.5,0.02,0.6,0.5,"MSY","L","ar1_y",0
"om_434",1,0,0.02,"rec",0.5,0.02,0.6,0.5,"MSY","L","ar1_y",0
"om_435",2,0,0.02,"rec",0.5,0.02,0.6,0.5,"MSY","L","ar1_y",0
"om_436",4,0,0.02,"rec",0.5,0.02,0.6,0.5,"MSY","L","ar1_y",0
"om_437",0,0.5,0.02,"rec",0.5,0.02,0.6,0.5,"MSY","L","ar1_y",0
"om_438",1,0.5,0.02,"rec",0.5,0.02,0.6,0.5,"MSY","L","ar1_y",0
"om_439",2,0.5,0.02,"rec",0.5,0.02,0.6,0.5,"MSY","L","ar1_y",0
"om_440",4,0.5,0.02,"rec",0.5,0.02,0.6,0.5,"MSY","L","ar1_y",0
"om_441",0,3,0.02,"rec",0.5,0.02,0.6,0.5,"MSY","L","ar1_y",0
"om_442",1,3,0.02,"rec",0.5,0.02,0.6,0.5,"MSY","L","ar1_y",0
"om_443",2,3,0.02,"rec",0.5,0.02,0.6,0.5,"MSY","L","ar1_y",0
"om_444",4,3,0.02,"rec",0.5,0.02,0.6,0.5,"MSY","L","ar1_y",0
"om_445",0,0,0.5,"rec",0.5,0.02,0.6,0.5,"MSY","L","ar1_y",0
"om_446",1,0,0.5,"rec",0.5,0.02,0.6,0.5,"MSY","L","ar1_y",0
"om_447",2,0,0.5,"rec",0.5,0.02,0.6,0.5,"MSY","L","ar1_y",0
"om_448",4,0,0.5,"rec",0.5,0.02,0.6,0.5,"MSY","L","ar1_y",0
"om_449",0,0.5,0.5,"rec",0.5,0.02,0.6,0.5,"MSY","L","ar1_y",0
"om_450",1,0.5,0.5,"rec",0.5,0.02,0.6,0.5,"MSY","L","ar1_y",0
"om_451",2,0.5,0.5,"rec",0.5,0.02,0.6,0.5,"MSY","L","ar1_y",0
"om_452",4,0.5,0.5,"rec",0.5,0.02,0.6,0.5,"MSY","L","ar1_y",0
"om_453",0,3,0.5,"rec",0.5,0.02,0.6,0.5,"MSY","L","ar1_y",0
"om_454",1,3,0.5,"rec",0.5,0.02,0.6,0.5,"MSY","L","ar1_y",0
"om_455",2,3,0.5,"rec",0.5,0.02,0.6,0.5,"MSY","L","ar1_y",0
"om_456",4,3,0.5,"rec",0.5,0.02,0.6,0.5,"MSY","L","ar1_y",0
"om_457",0,0,0.02,"rec+1",0.5,0.02,0.6,0.5,"MSY","L","ar1_y",0.2
"om_458",1,0,0.02,"rec+1",0.5,0.02,0.6,0.5,"MSY","L","ar1_y",0.2
"om_459",2,0,0.02,"rec+1",0.5,0.02,0.6,0.5,"MSY","L","ar1_y",0.2
"om_460",4,0,0.02,"rec+1",0.5,0.02,0.6,0.5,"MSY","L","ar1_y",0.2
"om_461",0,0.5,0.02,"rec+1",0.5,0.02,0.6,0.5,"MSY","L","ar1_y",0.2
"om_462",1,0.5,0.02,"rec+1",0.5,0.02,0.6,0.5,"MSY","L","ar1_y",0.2
"om_463",2,0.5,0.02,"rec+1",0.5,0.02,0.6,0.5,"MSY","L","ar1_y",0.2
"om_464",4,0.5,0.02,"rec+1",0.5,0.02,0.6,0.5,"MSY","L","ar1_y",0.2
"om_465",0,3,0.02,"rec+1",0.5,0.02,0.6,0.5,"MSY","L","ar1_y",0.2
"om_466",1,3,0.02,"rec+1",0.5,0.02,0.6,0.5,"MSY","L","ar1_y",0.2
"om_467",2,3,0.02,"rec+1",0.5,0.02,0.6,0.5,"MSY","L","ar1_y",0.2
"om_468",4,3,0.02,"rec+1",0.5,0.02,0.6,0.5,"MSY","L","ar1_y",0.2
"om_469",0,0,0.5,"rec+1",0.5,0.02,0.6,0.5,"MSY","L","ar1_y",0.2
"om_470",1,0,0.5,"rec+1",0.5,0.02,0.6,0.5,"MSY","L","ar1_y",0.2
"om_471",2,0,0.5,"rec+1",0.5,0.02,0.6,0.5,"MSY","L","ar1_y",0.2
"om_472",4,0,0.5,"rec+1",0.5,0.02,0.6,0.5,"MSY","L","ar1_y",0.2
"om_473",0,0.5,0.5,"rec+1",0.5,0.02,0.6,0.5,"MSY","L","ar1_y",0.2
"om_474",1,0.5,0.5,"rec+1",0.5,0.02,0.6,0.5,"MSY","L","ar1_y",0.2
"om_475",2,0.5,0.5,"rec+1",0.5,0.02,0.6,0.5,"MSY","L","ar1_y",0.2
"om_476",4,0.5,0.5,"rec+1",0.5,0.02,0.6,0.5,"MSY","L","ar1_y",0.2
"om_477",0,3,0.5,"rec+1",0.5,0.02,0.6,0.5,"MSY","L","ar1_y",0.2
"om_478",1,3,0.5,"rec+1",0.5,0.02,0.6,0.5,"MSY","L","ar1_y",0.2
"om_479",2,3,0.5,"rec+1",0.5,0.02,0.6,0.5,"MSY","L","ar1_y",0.2
"om_480",4,3,0.5,"rec+1",0.5,0.02,0.6,0.5,"MSY","L","ar1_y",0.2
"om_481",0,0,0.02,"rec",0,0.5,0.6,0.5,"MSY","L","iid",0
"om_482",1,0,0.02,"rec",0,0.5,0.6,0.5,"MSY","L","iid",0
"om_483",2,0,0.02,"rec",0,0.5,0.6,0.5,"MSY","L","iid",0
"om_484",4,0,0.02,"rec",0,0.5,0.6,0.5,"MSY","L","iid",0
"om_485",0,0.5,0.02,"rec",0,0.5,0.6,0.5,"MSY","L","iid",0
"om_486",1,0.5,0.02,"rec",0,0.5,0.6,0.5,"MSY","L","iid",0
"om_487",2,0.5,0.02,"rec",0,0.5,0.6,0.5,"MSY","L","iid",0
"om_488",4,0.5,0.02,"rec",0,0.5,0.6,0.5,"MSY","L","iid",0
"om_489",0,3,0.02,"rec",0,0.5,0.6,0.5,"MSY","L","iid",0
"om_490",1,3,0.02,"rec",0,0.5,0.6,0.5,"MSY","L","iid",0
"om_491",2,3,0.02,"rec",0,0.5,0.6,0.5,"MSY","L","iid",0
"om_492",4,3,0.02,"rec",0,0.5,0.6,0.5,"MSY","L","iid",0
"om_493",0,0,0.5,"rec",0,0.5,0.6,0.5,"MSY","L","iid",0
"om_494",1,0,0.5,"rec",0,0.5,0.6,0.5,"MSY","L","iid",0
"om_495",2,0,0.5,"rec",0,0.5,0.6,0.5,"MSY","L","iid",0
"om_496",4,0,0.5,"rec",0,0.5,0.6,0.5,"MSY","L","iid",0
"om_497",0,0.5,0.5,"rec",0,0.5,0.6,0.5,"MSY","L","iid",0
"om_498",1,0.5,0.5,"rec",0,0.5,0.6,0.5,"MSY","L","iid",0
"om_499",2,0.5,0.5,"rec",0,0.5,0.6,0.5,"MSY","L","iid",0
"om_500",4,0.5,0.5,"rec",0,0.5,0.6,0.5,"MSY","L","iid",0
"om_501",0,3,0.5,"rec",0,0.5,0.6,0.5,"MSY","L","iid",0
"om_502",1,3,0.5,"rec",0,0.5,0.6,0.5,"MSY","L","iid",0
"om_503",2,3,0.5,"rec",0,0.5,0.6,0.5,"MSY","L","iid",0
"om_504",4,3,0.5,"rec",0,0.5,0.6,0.5,"MSY","L","iid",0
"om_505",0,0,0.02,"rec+1",0,0.5,0.6,0.5,"MSY","L","iid",0.2
"om_506",1,0,0.02,"rec+1",0,0.5,0.6,0.5,"MSY","L","iid",0.2
"om_507",2,0,0.02,"rec+1",0,0.5,0.6,0.5,"MSY","L","iid",0.2
"om_508",4,0,0.02,"rec+1",0,0.5,0.6,0.5,"MSY","L","iid",0.2
"om_509",0,0.5,0.02,"rec+1",0,0.5,0.6,0.5,"MSY","L","iid",0.2
"om_510",1,0.5,0.02,"rec+1",0,0.5,0.6,0.5,"MSY","L","iid",0.2
"om_511",2,0.5,0.02,"rec+1",0,0.5,0.6,0.5,"MSY","L","iid",0.2
"om_512",4,0.5,0.02,"rec+1",0,0.5,0.6,0.5,"MSY","L","iid",0.2
"om_513",0,3,0.02,"rec+1",0,0.5,0.6,0.5,"MSY","L","iid",0.2
"om_514",1,3,0.02,"rec+1",0,0.5,0.6,0.5,"MSY","L","iid",0.2
"om_515",2,3,0.02,"rec+1",0,0.5,0.6,0.5,"MSY","L","iid",0.2
"om_516",4,3,0.02,"rec+1",0,0.5,0.6,0.5,"MSY","L","iid",0.2
"om_517",0,0,0.5,"rec+1",0,0.5,0.6,0.5,"MSY","L","iid",0.2
"om_518",1,0,0.5,"rec+1",0,0.5,0.6,0.5,"MSY","L","iid",0.2
"om_519",2,0,0.5,"rec+1",0,0.5,0.6,0.5,"MSY","L","iid",0.2
"om_520",4,0,0.5,"rec+1",0,0.5,0.6,0.5,"MSY","L","iid",0.2
"om_521",0,0.5,0.5,"rec+1",0,0.5,0.6,0.5,"MSY","L","iid",0.2
"om_522",1,0.5,0.5,"rec+1",0,0.5,0.6,0.5,"MSY","L","iid",0.2
"om_523",2,0.5,0.5,"rec+1",0,0.5,0.6,0.5,"MSY","L","iid",0.2
"om_524",4,0.5,0.5,"rec+1",0,0.5,0.6,0.5,"MSY","L","iid",0.2
"om_525",0,3,0.5,"rec+1",0,0.5,0.6,0.5,"MSY","L","iid",0.2
"om_526",1,3,0.5,"rec+1",0,0.5,0.6,0.5,"MSY","L","iid",0.2
"om_527",2,3,0.5,"rec+1",0,0.5,0.6,0.5,"MSY","L","iid",0.2
"om_528",4,3,0.5,"rec+1",0,0.5,0.6,0.5,"MSY","L","iid",0.2
"om_529",0,0,0.02,"rec",0.5,0.5,0.6,0.5,"MSY","L","ar1_y",0
"om_530",1,0,0.02,"rec",0.5,0.5,0.6,0.5,"MSY","L","ar1_y",0
"om_531",2,0,0.02,"rec",0.5,0.5,0.6,0.5,"MSY","L","ar1_y",0
"om_532",4,0,0.02,"rec",0.5,0.5,0.6,0.5,"MSY","L","ar1_y",0
"om_533",0,0.5,0.02,"rec",0.5,0.5,0.6,0.5,"MSY","L","ar1_y",0
"om_534",1,0.5,0.02,"rec",0.5,0.5,0.6,0.5,"MSY","L","ar1_y",0
"om_535",2,0.5,0.02,"rec",0.5,0.5,0.6,0.5,"MSY","L","ar1_y",0
"om_536",4,0.5,0.02,"rec",0.5,0.5,0.6,0.5,"MSY","L","ar1_y",0
"om_537",0,3,0.02,"rec",0.5,0.5,0.6,0.5,"MSY","L","ar1_y",0
"om_538",1,3,0.02,"rec",0.5,0.5,0.6,0.5,"MSY","L","ar1_y",0
"om_539",2,3,0.02,"rec",0.5,0.5,0.6,0.5,"MSY","L","ar1_y",0
"om_540",4,3,0.02,"rec",0.5,0.5,0.6,0.5,"MSY","L","ar1_y",0
"om_541",0,0,0.5,"rec",0.5,0.5,0.6,0.5,"MSY","L","ar1_y",0
"om_542",1,0,0.5,"rec",0.5,0.5,0.6,0.5,"MSY","L","ar1_y",0
"om_543",2,0,0.5,"rec",0.5,0.5,0.6,0.5,"MSY","L","ar1_y",0
"om_544",4,0,0.5,"rec",0.5,0.5,0.6,0.5,"MSY","L","ar1_y",0
"om_545",0,0.5,0.5,"rec",0.5,0.5,0.6,0.5,"MSY","L","ar1_y",0
"om_546",1,0.5,0.5,"rec",0.5,0.5,0.6,0.5,"MSY","L","ar1_y",0
"om_547",2,0.5,0.5,"rec",0.5,0.5,0.6,0.5,"MSY","L","ar1_y",0
"om_548",4,0.5,0.5,"rec",0.5,0.5,0.6,0.5,"MSY","L","ar1_y",0
"om_549",0,3,0.5,"rec",0.5,0.5,0.6,0.5,"MSY","L","ar1_y",0
"om_550",1,3,0.5,"rec",0.5,0.5,0.6,0.5,"MSY","L","ar1_y",0
"om_551",2,3,0.5,"rec",0.5,0.5,0.6,0.5,"MSY","L","ar1_y",0
"om_552",4,3,0.5,"rec",0.5,0.5,0.6,0.5,"MSY","L","ar1_y",0
"om_553",0,0,0.02,"rec+1",0.5,0.5,0.6,0.5,"MSY","L","ar1_y",0.2
"om_554",1,0,0.02,"rec+1",0.5,0.5,0.6,0.5,"MSY","L","ar1_y",0.2
"om_555",2,0,0.02,"rec+1",0.5,0.5,0.6,0.5,"MSY","L","ar1_y",0.2
"om_556",4,0,0.02,"rec+1",0.5,0.5,0.6,0.5,"MSY","L","ar1_y",0.2
"om_557",0,0.5,0.02,"rec+1",0.5,0.5,0.6,0.5,"MSY","L","ar1_y",0.2
"om_558",1,0.5,0.02,"rec+1",0.5,0.5,0.6,0.5,"MSY","L","ar1_y",0.2
"om_559",2,0.5,0.02,"rec+1",0.5,0.5,0.6,0.5,"MSY","L","ar1_y",0.2
"om_560",4,0.5,0.02,"rec+1",0.5,0.5,0.6,0.5,"MSY","L","ar1_y",0.2
"om_561",0,3,0.02,"rec+1",0.5,0.5,0.6,0.5,"MSY","L","ar1_y",0.2
"om_562",1,3,0.02,"rec+1",0.5,0.5,0.6,0.5,"MSY","L","ar1_y",0.2
"om_563",2,3,0.02,"rec+1",0.5,0.5,0.6,0.5,"MSY","L","ar1_y",0.2
"om_564",4,3,0.02,"rec+1",0.5,0.5,0.6,0.5,"MSY","L","ar1_y",0.2
"om_565",0,0,0.5,"rec+1",0.5,0.5,0.6,0.5,"MSY","L","ar1_y",0.2
"om_566",1,0,0.5,"rec+1",0.5,0.5,0.6,0.5,"MSY","L","ar1_y",0.2
"om_567",2,0,0.5,"rec+1",0.5,0.5,0.6,0.5,"MSY","L","ar1_y",0.2
"om_568",4,0,0.5,"rec+1",0.5,0.5,0.6,0.5,"MSY","L","ar1_y",0.2
"om_569",0,0.5,0.5,"rec+1",0.5,0.5,0.6,0.5,"MSY","L","ar1_y",0.2
"om_570",1,0.5,0.5,"rec+1",0.5,0.5,0.6,0.5,"MSY","L","ar1_y",0.2
"om_571",2,0.5,0.5,"rec+1",0.5,0.5,0.6,0.5,"MSY","L","ar1_y",0.2
"om_572",4,0.5,0.5,"rec+1",0.5,0.5,0.6,0.5,"MSY","L","ar1_y",0.2
"om_573",0,3,0.5,"rec+1",0.5,0.5,0.6,0.5,"MSY","L","ar1_y",0.2
"om_574",1,3,0.5,"rec+1",0.5,0.5,0.6,0.5,"MSY","L","ar1_y",0.2
"om_575",2,3,0.5,"rec+1",0.5,0.5,0.6,0.5,"MSY","L","ar1_y",0.2
"om_576",4,3,0.5,"rec+1",0.5,0.5,0.6,0.5,"MSY","L","ar1_y",0.2
"om_577",0,0,0.02,"rec",0,0.02,0.6,0,"MSY","L","iid",0
"om_578",1,0,0.02,"rec",0,0.02,0.6,0,"MSY","L","iid",0
"om_579",2,0,0.02,"rec",0,0.02,0.6,0,"MSY","L","iid",0
"om_580",4,0,0.02,"rec",0,0.02,0.6,0,"MSY","L","iid",0
"om_581",0,0.5,0.02,"rec",0,0.02,0.6,0,"MSY","L","iid",0
"om_582",1,0.5,0.02,"rec",0,0.02,0.6,0,"MSY","L","iid",0
"om_583",2,0.5,0.02,"rec",0,0.02,0.6,0,"MSY","L","iid",0
"om_584",4,0.5,0.02,"rec",0,0.02,0.6,0,"MSY","L","iid",0
"om_585",0,3,0.02,"rec",0,0.02,0.6,0,"MSY","L","iid",0
"om_586",1,3,0.02,"rec",0,0.02,0.6,0,"MSY","L","iid",0
"om_587",2,3,0.02,"rec",0,0.02,0.6,0,"MSY","L","iid",0
"om_588",4,3,0.02,"rec",0,0.02,0.6,0,"MSY","L","iid",0
"om_589",0,0,0.5,"rec",0,0.02,0.6,0,"MSY","L","iid",0
"om_590",1,0,0.5,"rec",0,0.02,0.6,0,"MSY","L","iid",0
"om_591",2,0,0.5,"rec",0,0.02,0.6,0,"MSY","L","iid",0
"om_592",4,0,0.5,"rec",0,0.02,0.6,0,"MSY","L","iid",0
"om_593",0,0.5,0.5,"rec",0,0.02,0.6,0,"MSY","L","iid",0
"om_594",1,0.5,0.5,"rec",0,0.02,0.6,0,"MSY","L","iid",0
"om_595",2,0.5,0.5,"rec",0,0.02,0.6,0,"MSY","L","iid",0
"om_596",4,0.5,0.5,"rec",0,0.02,0.6,0,"MSY","L","iid",0
"om_597",0,3,0.5,"rec",0,0.02,0.6,0,"MSY","L","iid",0
"om_598",1,3,0.5,"rec",0,0.02,0.6,0,"MSY","L","iid",0
"om_599",2,3,0.5,"rec",0,0.02,0.6,0,"MSY","L","iid",0
"om_600",4,3,0.5,"rec",0,0.02,0.6,0,"MSY","L","iid",0
"om_601",0,0,0.02,"rec+1",0,0.02,0.6,0,"MSY","L","iid",0.2
"om_602",1,0,0.02,"rec+1",0,0.02,0.6,0,"MSY","L","iid",0.2
"om_603",2,0,0.02,"rec+1",0,0.02,0.6,0,"MSY","L","iid",0.2
"om_604",4,0,0.02,"rec+1",0,0.02,0.6,0,"MSY","L","iid",0.2
"om_605",0,0.5,0.02,"rec+1",0,0.02,0.6,0,"MSY","L","iid",0.2
"om_606",1,0.5,0.02,"rec+1",0,0.02,0.6,0,"MSY","L","iid",0.2
"om_607",2,0.5,0.02,"rec+1",0,0.02,0.6,0,"MSY","L","iid",0.2
"om_608",4,0.5,0.02,"rec+1",0,0.02,0.6,0,"MSY","L","iid",0.2
"om_609",0,3,0.02,"rec+1",0,0.02,0.6,0,"MSY","L","iid",0.2
"om_610",1,3,0.02,"rec+1",0,0.02,0.6,0,"MSY","L","iid",0.2
"om_611",2,3,0.02,"rec+1",0,0.02,0.6,0,"MSY","L","iid",0.2
"om_612",4,3,0.02,"rec+1",0,0.02,0.6,0,"MSY","L","iid",0.2
"om_613",0,0,0.5,"rec+1",0,0.02,0.6,0,"MSY","L","iid",0.2
"om_614",1,0,0.5,"rec+1",0,0.02,0.6,0,"MSY","L","iid",0.2
"om_615",2,0,0.5,"rec+1",0,0.02,0.6,0,"MSY","L","iid",0.2
"om_616",4,0,0.5,"rec+1",0,0.02,0.6,0,"MSY","L","iid",0.2
"om_617",0,0.5,0.5,"rec+1",0,0.02,0.6,0,"MSY","L","iid",0.2
"om_618",1,0.5,0.5,"rec+1",0,0.02,0.6,0,"MSY","L","iid",0.2
"om_619",2,0.5,0.5,"rec+1",0,0.02,0.6,0,"MSY","L","iid",0.2
"om_620",4,0.5,0.5,"rec+1",0,0.02,0.6,0,"MSY","L","iid",0.2
"om_621",0,3,0.5,"rec+1",0,0.02,0.6,0,"MSY","L","iid",0.2
"om_622",1,3,0.5,"rec+1",0,0.02,0.6,0,"MSY","L","iid",0.2
"om_623",2,3,0.5,"rec+1",0,0.02,0.6,0,"MSY","L","iid",0.2
"om_624",4,3,0.5,"rec+1",0,0.02,0.6,0,"MSY","L","iid",0.2
"om_625",0,0,0.02,"rec",0.5,0.02,0.6,0,"MSY","L","ar1_y",0
"om_626",1,0,0.02,"rec",0.5,0.02,0.6,0,"MSY","L","ar1_y",0
"om_627",2,0,0.02,"rec",0.5,0.02,0.6,0,"MSY","L","ar1_y",0
"om_628",4,0,0.02,"rec",0.5,0.02,0.6,0,"MSY","L","ar1_y",0
"om_629",0,0.5,0.02,"rec",0.5,0.02,0.6,0,"MSY","L","ar1_y",0
"om_630",1,0.5,0.02,"rec",0.5,0.02,0.6,0,"MSY","L","ar1_y",0
"om_631",2,0.5,0.02,"rec",0.5,0.02,0.6,0,"MSY","L","ar1_y",0
"om_632",4,0.5,0.02,"rec",0.5,0.02,0.6,0,"MSY","L","ar1_y",0
"om_633",0,3,0.02,"rec",0.5,0.02,0.6,0,"MSY","L","ar1_y",0
"om_634",1,3,0.02,"rec",0.5,0.02,0.6,0,"MSY","L","ar1_y",0
"om_635",2,3,0.02,"rec",0.5,0.02,0.6,0,"MSY","L","ar1_y",0
"om_636",4,3,0.02,"rec",0.5,0.02,0.6,0,"MSY","L","ar1_y",0
"om_637",0,0,0.5,"rec",0.5,0.02,0.6,0,"MSY","L","ar1_y",0
"om_638",1,0,0.5,"rec",0.5,0.02,0.6,0,"MSY","L","ar1_y",0
"om_639",2,0,0.5,"rec",0.5,0.02,0.6,0,"MSY","L","ar1_y",0
"om_640",4,0,0.5,"rec",0.5,0.02,0.6,0,"MSY","L","ar1_y",0
"om_641",0,0.5,0.5,"rec",0.5,0.02,0.6,0,"MSY","L","ar1_y",0
"om_642",1,0.5,0.5,"rec",0.5,0.02,0.6,0,"MSY","L","ar1_y",0
"om_643",2,0.5,0.5,"rec",0.5,0.02,0.6,0,"MSY","L","ar1_y",0
"om_644",4,0.5,0.5,"rec",0.5,0.02,0.6,0,"MSY","L","ar1_y",0
"om_645",0,3,0.5,"rec",0.5,0.02,0.6,0,"MSY","L","ar1_y",0
"om_646",1,3,0.5,"rec",0.5,0.02,0.6,0,"MSY","L","ar1_y",0
"om_647",2,3,0.5,"rec",0.5,0.02,0.6,0,"MSY","L","ar1_y",0
"om_648",4,3,0.5,"rec",0.5,0.02,0.6,0,"MSY","L","ar1_y",0
"om_649",0,0,0.02,"rec+1",0.5,0.02,0.6,0,"MSY","L","ar1_y",0.2
"om_650",1,0,0.02,"rec+1",0.5,0.02,0.6,0,"MSY","L","ar1_y",0.2
"om_651",2,0,0.02,"rec+1",0.5,0.02,0.6,0,"MSY","L","ar1_y",0.2
"om_652",4,0,0.02,"rec+1",0.5,0.02,0.6,0,"MSY","L","ar1_y",0.2
"om_653",0,0.5,0.02,"rec+1",0.5,0.02,0.6,0,"MSY","L","ar1_y",0.2
"om_654",1,0.5,0.02,"rec+1",0.5,0.02,0.6,0,"MSY","L","ar1_y",0.2
"om_655",2,0.5,0.02,"rec+1",0.5,0.02,0.6,0,"MSY","L","ar1_y",0.2
"om_656",4,0.5,0.02,"rec+1",0.5,0.02,0.6,0,"MSY","L","ar1_y",0.2
"om_657",0,3,0.02,"rec+1",0.5,0.02,0.6,0,"MSY","L","ar1_y",0.2
"om_658",1,3,0.02,"rec+1",0.5,0.02,0.6,0,"MSY","L","ar1_y",0.2
"om_659",2,3,0.02,"rec+1",0.5,0.02,0.6,0,"MSY","L","ar1_y",0.2
"om_660",4,3,0.02,"rec+1",0.5,0.02,0.6,0,"MSY","L","ar1_y",0.2
"om_661",0,0,0.5,"rec+1",0.5,0.02,0.6,0,"MSY","L","ar1_y",0.2
"om_662",1,0,0.5,"rec+1",0.5,0.02,0.6,0,"MSY","L","ar1_y",0.2
"om_663",2,0,0.5,"rec+1",0.5,0.02,0.6,0,"MSY","L","ar1_y",0.2
"om_664",4,0,0.5,"rec+1",0.5,0.02,0.6,0,"MSY","L","ar1_y",0.2
"om_665",0,0.5,0.5,"rec+1",0.5,0.02,0.6,0,"MSY","L","ar1_y",0.2
"om_666",1,0.5,0.5,"rec+1",0.5,0.02,0.6,0,"MSY","L","ar1_y",0.2
"om_667",2,0.5,0.5,"rec+1",0.5,0.02,0.6,0,"MSY","L","ar1_y",0.2
"om_668",4,0.5,0.5,"rec+1",0.5,0.02,0.6,0,"MSY","L","ar1_y",0.2
"om_669",0,3,0.5,"rec+1",0.5,0.02,0.6,0,"MSY","L","ar1_y",0.2
"om_670",1,3,0.5,"rec+1",0.5,0.02,0.6,0,"MSY","L","ar1_y",0.2
"om_671",2,3,0.5,"rec+1",0.5,0.02,0.6,0,"MSY","L","ar1_y",0.2
"om_672",4,3,0.5,"rec+1",0.5,0.02,0.6,0,"MSY","L","ar1_y",0.2
"om_673",0,0,0.02,"rec",0,0.5,0.6,0,"MSY","L","iid",0
"om_674",1,0,0.02,"rec",0,0.5,0.6,0,"MSY","L","iid",0
"om_675",2,0,0.02,"rec",0,0.5,0.6,0,"MSY","L","iid",0
"om_676",4,0,0.02,"rec",0,0.5,0.6,0,"MSY","L","iid",0
"om_677",0,0.5,0.02,"rec",0,0.5,0.6,0,"MSY","L","iid",0
"om_678",1,0.5,0.02,"rec",0,0.5,0.6,0,"MSY","L","iid",0
"om_679",2,0.5,0.02,"rec",0,0.5,0.6,0,"MSY","L","iid",0
"om_680",4,0.5,0.02,"rec",0,0.5,0.6,0,"MSY","L","iid",0
"om_681",0,3,0.02,"rec",0,0.5,0.6,0,"MSY","L","iid",0
"om_682",1,3,0.02,"rec",0,0.5,0.6,0,"MSY","L","iid",0
"om_683",2,3,0.02,"rec",0,0.5,0.6,0,"MSY","L","iid",0
"om_684",4,3,0.02,"rec",0,0.5,0.6,0,"MSY","L","iid",0
"om_685",0,0,0.5,"rec",0,0.5,0.6,0,"MSY","L","iid",0
"om_686",1,0,0.5,"rec",0,0.5,0.6,0,"MSY","L","iid",0
"om_687",2,0,0.5,"rec",0,0.5,0.6,0,"MSY","L","iid",0
"om_688",4,0,0.5,"rec",0,0.5,0.6,0,"MSY","L","iid",0
"om_689",0,0.5,0.5,"rec",0,0.5,0.6,0,"MSY","L","iid",0
"om_690",1,0.5,0.5,"rec",0,0.5,0.6,0,"MSY","L","iid",0
"om_691",2,0.5,0.5,"rec",0,0.5,0.6,0,"MSY","L","iid",0
"om_692",4,0.5,0.5,"rec",0,0.5,0.6,0,"MSY","L","iid",0
"om_693",0,3,0.5,"rec",0,0.5,0.6,0,"MSY","L","iid",0
"om_694",1,3,0.5,"rec",0,0.5,0.6,0,"MSY","L","iid",0
"om_695",2,3,0.5,"rec",0,0.5,0.6,0,"MSY","L","iid",0
"om_696",4,3,0.5,"rec",0,0.5,0.6,0,"MSY","L","iid",0
"om_697",0,0,0.02,"rec+1",0,0.5,0.6,0,"MSY","L","iid",0.2
"om_698",1,0,0.02,"rec+1",0,0.5,0.6,0,"MSY","L","iid",0.2
"om_699",2,0,0.02,"rec+1",0,0.5,0.6,0,"MSY","L","iid",0.2
"om_700",4,0,0.02,"rec+1",0,0.5,0.6,0,"MSY","L","iid",0.2
"om_701",0,0.5,0.02,"rec+1",0,0.5,0.6,0,"MSY","L","iid",0.2
"om_702",1,0.5,0.02,"rec+1",0,0.5,0.6,0,"MSY","L","iid",0.2
"om_703",2,0.5,0.02,"rec+1",0,0.5,0.6,0,"MSY","L","iid",0.2
"om_704",4,0.5,0.02,"rec+1",0,0.5,0.6,0,"MSY","L","iid",0.2
"om_705",0,3,0.02,"rec+1",0,0.5,0.6,0,"MSY","L","iid",0.2
"om_706",1,3,0.02,"rec+1",0,0.5,0.6,0,"MSY","L","iid",0.2
"om_707",2,3,0.02,"rec+1",0,0.5,0.6,0,"MSY","L","iid",0.2
"om_708",4,3,0.02,"rec+1",0,0.5,0.6,0,"MSY","L","iid",0.2
"om_709",0,0,0.5,"rec+1",0,0.5,0.6,0,"MSY","L","iid",0.2
"om_710",1,0,0.5,"rec+1",0,0.5,0.6,0,"MSY","L","iid",0.2
"om_711",2,0,0.5,"rec+1",0,0.5,0.6,0,"MSY","L","iid",0.2
"om_712",4,0,0.5,"rec+1",0,0.5,0.6,0,"MSY","L","iid",0.2
"om_713",0,0.5,0.5,"rec+1",0,0.5,0.6,0,"MSY","L","iid",0.2
"om_714",1,0.5,0.5,"rec+1",0,0.5,0.6,0,"MSY","L","iid",0.2
"om_715",2,0.5,0.5,"rec+1",0,0.5,0.6,0,"MSY","L","iid",0.2
"om_716",4,0.5,0.5,"rec+1",0,0.5,0.6,0,"MSY","L","iid",0.2
"om_717",0,3,0.5,"rec+1",0,0.5,0.6,0,"MSY","L","iid",0.2
"om_718",1,3,0.5,"rec+1",0,0.5,0.6,0,"MSY","L","iid",0.2
"om_719",2,3,0.5,"rec+1",0,0.5,0.6,0,"MSY","L","iid",0.2
"om_720",4,3,0.5,"rec+1",0,0.5,0.6,0,"MSY","L","iid",0.2
"om_721",0,0,0.02,"rec",0.5,0.5,0.6,0,"MSY","L","ar1_y",0
"om_722",1,0,0.02,"rec",0.5,0.5,0.6,0,"MSY","L","ar1_y",0
"om_723",2,0,0.02,"rec",0.5,0.5,0.6,0,"MSY","L","ar1_y",0
"om_724",4,0,0.02,"rec",0.5,0.5,0.6,0,"MSY","L","ar1_y",0
"om_725",0,0.5,0.02,"rec",0.5,0.5,0.6,0,"MSY","L","ar1_y",0
"om_726",1,0.5,0.02,"rec",0.5,0.5,0.6,0,"MSY","L","ar1_y",0
"om_727",2,0.5,0.02,"rec",0.5,0.5,0.6,0,"MSY","L","ar1_y",0
"om_728",4,0.5,0.02,"rec",0.5,0.5,0.6,0,"MSY","L","ar1_y",0
"om_729",0,3,0.02,"rec",0.5,0.5,0.6,0,"MSY","L","ar1_y",0
"om_730",1,3,0.02,"rec",0.5,0.5,0.6,0,"MSY","L","ar1_y",0
"om_731",2,3,0.02,"rec",0.5,0.5,0.6,0,"MSY","L","ar1_y",0
"om_732",4,3,0.02,"rec",0.5,0.5,0.6,0,"MSY","L","ar1_y",0
"om_733",0,0,0.5,"rec",0.5,0.5,0.6,0,"MSY","L","ar1_y",0
"om_734",1,0,0.5,"rec",0.5,0.5,0.6,0,"MSY","L","ar1_y",0
"om_735",2,0,0.5,"rec",0.5,0.5,0.6,0,"MSY","L","ar1_y",0
"om_736",4,0,0.5,"rec",0.5,0.5,0.6,0,"MSY","L","ar1_y",0
"om_737",0,0.5,0.5,"rec",0.5,0.5,0.6,0,"MSY","L","ar1_y",0
"om_738",1,0.5,0.5,"rec",0.5,0.5,0.6,0,"MSY","L","ar1_y",0
"om_739",2,0.5,0.5,"rec",0.5,0.5,0.6,0,"MSY","L","ar1_y",0
"om_740",4,0.5,0.5,"rec",0.5,0.5,0.6,0,"MSY","L","ar1_y",0
"om_741",0,3,0.5,"rec",0.5,0.5,0.6,0,"MSY","L","ar1_y",0
"om_742",1,3,0.5,"rec",0.5,0.5,0.6,0,"MSY","L","ar1_y",0
"om_743",2,3,0.5,"rec",0.5,0.5,0.6,0,"MSY","L","ar1_y",0
"om_744",4,3,0.5,"rec",0.5,0.5,0.6,0,"MSY","L","ar1_y",0
"om_745",0,0,0.02,"rec+1",0.5,0.5,0.6,0,"MSY","L","ar1_y",0.2
"om_746",1,0,0.02,"rec+1",0.5,0.5,0.6,0,"MSY","L","ar1_y",0.2
"om_747",2,0,0.02,"rec+1",0.5,0.5,0.6,0,"MSY","L","ar1_y",0.2
"om_748",4,0,0.02,"rec+1",0.5,0.5,0.6,0,"MSY","L","ar1_y",0.2
"om_749",0,0.5,0.02,"rec+1",0.5,0.5,0.6,0,"MSY","L","ar1_y",0.2
"om_750",1,0.5,0.02,"rec+1",0.5,0.5,0.6,0,"MSY","L","ar1_y",0.2
"om_751",2,0.5,0.02,"rec+1",0.5,0.5,0.6,0,"MSY","L","ar1_y",0.2
"om_752",4,0.5,0.02,"rec+1",0.5,0.5,0.6,0,"MSY","L","ar1_y",0.2
"om_753",0,3,0.02,"rec+1",0.5,0.5,0.6,0,"MSY","L","ar1_y",0.2
"om_754",1,3,0.02,"rec+1",0.5,0.5,0.6,0,"MSY","L","ar1_y",0.2
"om_755",2,3,0.02,"rec+1",0.5,0.5,0.6,0,"MSY","L","ar1_y",0.2
"om_756",4,3,0.02,"rec+1",0.5,0.5,0.6,0,"MSY","L","ar1_y",0.2
"om_757",0,0,0.5,"rec+1",0.5,0.5,0.6,0,"MSY","L","ar1_y",0.2
"om_758",1,0,0.5,"rec+1",0.5,0.5,0.6,0,"MSY","L","ar1_y",0.2
"om_759",2,0,0.5,"rec+1",0.5,0.5,0.6,0,"MSY","L","ar1_y",0.2
"om_760",4,0,0.5,"rec+1",0.5,0.5,0.6,0,"MSY","L","ar1_y",0.2
"om_761",0,0.5,0.5,"rec+1",0.5,0.5,0.6,0,"MSY","L","ar1_y",0.2
"om_762",1,0.5,0.5,"rec+1",0.5,0.5,0.6,0,"MSY","L","ar1_y",0.2
"om_763",2,0.5,0.5,"rec+1",0.5,0.5,0.6,0,"MSY","L","ar1_y",0.2
"om_764",4,0.5,0.5,"rec+1",0.5,0.5,0.6,0,"MSY","L","ar1_y",0.2
"om_765",0,3,0.5,"rec+1",0.5,0.5,0.6,0,"MSY","L","ar1_y",0.2
"om_766",1,3,0.5,"rec+1",0.5,0.5,0.6,0,"MSY","L","ar1_y",0.2
"om_767",2,3,0.5,"rec+1",0.5,0.5,0.6,0,"MSY","L","ar1_y",0.2
"om_768",4,3,0.5,"rec+1",0.5,0.5,0.6,0,"MSY","L","ar1_y",0.2
"om_769",0,0,0.02,"rec",0,0.02,0.6,0.5,"H-MSY","H","iid",0
"om_770",1,0,0.02,"rec",0,0.02,0.6,0.5,"H-MSY","H","iid",0
"om_771",2,0,0.02,"rec",0,0.02,0.6,0.5,"H-MSY","H","iid",0
"om_772",4,0,0.02,"rec",0,0.02,0.6,0.5,"H-MSY","H","iid",0
"om_773",0,0.5,0.02,"rec",0,0.02,0.6,0.5,"H-MSY","H","iid",0
"om_774",1,0.5,0.02,"rec",0,0.02,0.6,0.5,"H-MSY","H","iid",0
"om_775",2,0.5,0.02,"rec",0,0.02,0.6,0.5,"H-MSY","H","iid",0
"om_776",4,0.5,0.02,"rec",0,0.02,0.6,0.5,"H-MSY","H","iid",0
"om_777",0,3,0.02,"rec",0,0.02,0.6,0.5,"H-MSY","H","iid",0
"om_778",1,3,0.02,"rec",0,0.02,0.6,0.5,"H-MSY","H","iid",0
"om_779",2,3,0.02,"rec",0,0.02,0.6,0.5,"H-MSY","H","iid",0
"om_780",4,3,0.02,"rec",0,0.02,0.6,0.5,"H-MSY","H","iid",0
"om_781",0,0,0.5,"rec",0,0.02,0.6,0.5,"H-MSY","H","iid",0
"om_782",1,0,0.5,"rec",0,0.02,0.6,0.5,"H-MSY","H","iid",0
"om_783",2,0,0.5,"rec",0,0.02,0.6,0.5,"H-MSY","H","iid",0
"om_784",4,0,0.5,"rec",0,0.02,0.6,0.5,"H-MSY","H","iid",0
"om_785",0,0.5,0.5,"rec",0,0.02,0.6,0.5,"H-MSY","H","iid",0
"om_786",1,0.5,0.5,"rec",0,0.02,0.6,0.5,"H-MSY","H","iid",0
"om_787",2,0.5,0.5,"rec",0,0.02,0.6,0.5,"H-MSY","H","iid",0
"om_788",4,0.5,0.5,"rec",0,0.02,0.6,0.5,"H-MSY","H","iid",0
"om_789",0,3,0.5,"rec",0,0.02,0.6,0.5,"H-MSY","H","iid",0
"om_790",1,3,0.5,"rec",0,0.02,0.6,0.5,"H-MSY","H","iid",0
"om_791",2,3,0.5,"rec",0,0.02,0.6,0.5,"H-MSY","H","iid",0
"om_792",4,3,0.5,"rec",0,0.02,0.6,0.5,"H-MSY","H","iid",0
"om_793",0,0,0.02,"rec+1",0,0.02,0.6,0.5,"H-MSY","H","iid",0.2
"om_794",1,0,0.02,"rec+1",0,0.02,0.6,0.5,"H-MSY","H","iid",0.2
"om_795",2,0,0.02,"rec+1",0,0.02,0.6,0.5,"H-MSY","H","iid",0.2
"om_796",4,0,0.02,"rec+1",0,0.02,0.6,0.5,"H-MSY","H","iid",0.2
"om_797",0,0.5,0.02,"rec+1",0,0.02,0.6,0.5,"H-MSY","H","iid",0.2
"om_798",1,0.5,0.02,"rec+1",0,0.02,0.6,0.5,"H-MSY","H","iid",0.2
"om_799",2,0.5,0.02,"rec+1",0,0.02,0.6,0.5,"H-MSY","H","iid",0.2
"om_800",4,0.5,0.02,"rec+1",0,0.02,0.6,0.5,"H-MSY","H","iid",0.2
"om_801",0,3,0.02,"rec+1",0,0.02,0.6,0.5,"H-MSY","H","iid",0.2
"om_802",1,3,0.02,"rec+1",0,0.02,0.6,0.5,"H-MSY","H","iid",0.2
"om_803",2,3,0.02,"rec+1",0,0.02,0.6,0.5,"H-MSY","H","iid",0.2
"om_804",4,3,0.02,"rec+1",0,0.02,0.6,0.5,"H-MSY","H","iid",0.2
"om_805",0,0,0.5,"rec+1",0,0.02,0.6,0.5,"H-MSY","H","iid",0.2
"om_806",1,0,0.5,"rec+1",0,0.02,0.6,0.5,"H-MSY","H","iid",0.2
"om_807",2,0,0.5,"rec+1",0,0.02,0.6,0.5,"H-MSY","H","iid",0.2
"om_808",4,0,0.5,"rec+1",0,0.02,0.6,0.5,"H-MSY","H","iid",0.2
"om_809",0,0.5,0.5,"rec+1",0,0.02,0.6,0.5,"H-MSY","H","iid",0.2
"om_810",1,0.5,0.5,"rec+1",0,0.02,0.6,0.5,"H-MSY","H","iid",0.2
"om_811",2,0.5,0.5,"rec+1",0,0.02,0.6,0.5,"H-MSY","H","iid",0.2
"om_812",4,0.5,0.5,"rec+1",0,0.02,0.6,0.5,"H-MSY","H","iid",0.2
"om_813",0,3,0.5,"rec+1",0,0.02,0.6,0.5,"H-MSY","H","iid",0.2
"om_814",1,3,0.5,"rec+1",0,0.02,0.6,0.5,"H-MSY","H","iid",0.2
"om_815",2,3,0.5,"rec+1",0,0.02,0.6,0.5,"H-MSY","H","iid",0.2
"om_816",4,3,0.5,"rec+1",0,0.02,0.6,0.5,"H-MSY","H","iid",0.2
"om_817",0,0,0.02,"rec",0.5,0.02,0.6,0.5,"H-MSY","H","ar1_y",0
"om_818",1,0,0.02,"rec",0.5,0.02,0.6,0.5,"H-MSY","H","ar1_y",0
"om_819",2,0,0.02,"rec",0.5,0.02,0.6,0.5,"H-MSY","H","ar1_y",0
"om_820",4,0,0.02,"rec",0.5,0.02,0.6,0.5,"H-MSY","H","ar1_y",0
"om_821",0,0.5,0.02,"rec",0.5,0.02,0.6,0.5,"H-MSY","H","ar1_y",0
"om_822",1,0.5,0.02,"rec",0.5,0.02,0.6,0.5,"H-MSY","H","ar1_y",0
"om_823",2,0.5,0.02,"rec",0.5,0.02,0.6,0.5,"H-MSY","H","ar1_y",0
"om_824",4,0.5,0.02,"rec",0.5,0.02,0.6,0.5,"H-MSY","H","ar1_y",0
"om_825",0,3,0.02,"rec",0.5,0.02,0.6,0.5,"H-MSY","H","ar1_y",0
"om_826",1,3,0.02,"rec",0.5,0.02,0.6,0.5,"H-MSY","H","ar1_y",0
"om_827",2,3,0.02,"rec",0.5,0.02,0.6,0.5,"H-MSY","H","ar1_y",0
"om_828",4,3,0.02,"rec",0.5,0.02,0.6,0.5,"H-MSY","H","ar1_y",0
"om_829",0,0,0.5,"rec",0.5,0.02,0.6,0.5,"H-MSY","H","ar1_y",0
"om_830",1,0,0.5,"rec",0.5,0.02,0.6,0.5,"H-MSY","H","ar1_y",0
"om_831",2,0,0.5,"rec",0.5,0.02,0.6,0.5,"H-MSY","H","ar1_y",0
"om_832",4,0,0.5,"rec",0.5,0.02,0.6,0.5,"H-MSY","H","ar1_y",0
"om_833",0,0.5,0.5,"rec",0.5,0.02,0.6,0.5,"H-MSY","H","ar1_y",0
"om_834",1,0.5,0.5,"rec",0.5,0.02,0.6,0.5,"H-MSY","H","ar1_y",0
"om_835",2,0.5,0.5,"rec",0.5,0.02,0.6,0.5,"H-MSY","H","ar1_y",0
"om_836",4,0.5,0.5,"rec",0.5,0.02,0.6,0.5,"H-MSY","H","ar1_y",0
"om_837",0,3,0.5,"rec",0.5,0.02,0.6,0.5,"H-MSY","H","ar1_y",0
"om_838",1,3,0.5,"rec",0.5,0.02,0.6,0.5,"H-MSY","H","ar1_y",0
"om_839",2,3,0.5,"rec",0.5,0.02,0.6,0.5,"H-MSY","H","ar1_y",0
"om_840",4,3,0.5,"rec",0.5,0.02,0.6,0.5,"H-MSY","H","ar1_y",0
"om_841",0,0,0.02,"rec+1",0.5,0.02,0.6,0.5,"H-MSY","H","ar1_y",0.2
"om_842",1,0,0.02,"rec+1",0.5,0.02,0.6,0.5,"H-MSY","H","ar1_y",0.2
"om_843",2,0,0.02,"rec+1",0.5,0.02,0.6,0.5,"H-MSY","H","ar1_y",0.2
"om_844",4,0,0.02,"rec+1",0.5,0.02,0.6,0.5,"H-MSY","H","ar1_y",0.2
"om_845",0,0.5,0.02,"rec+1",0.5,0.02,0.6,0.5,"H-MSY","H","ar1_y",0.2
"om_846",1,0.5,0.02,"rec+1",0.5,0.02,0.6,0.5,"H-MSY","H","ar1_y",0.2
"om_847",2,0.5,0.02,"rec+1",0.5,0.02,0.6,0.5,"H-MSY","H","ar1_y",0.2
"om_848",4,0.5,0.02,"rec+1",0.5,0.02,0.6,0.5,"H-MSY","H","ar1_y",0.2
"om_849",0,3,0.02,"rec+1",0.5,0.02,0.6,0.5,"H-MSY","H","ar1_y",0.2
"om_850",1,3,0.02,"rec+1",0.5,0.02,0.6,0.5,"H-MSY","H","ar1_y",0.2
"om_851",2,3,0.02,"rec+1",0.5,0.02,0.6,0.5,"H-MSY","H","ar1_y",0.2
"om_852",4,3,0.02,"rec+1",0.5,0.02,0.6,0.5,"H-MSY","H","ar1_y",0.2
"om_853",0,0,0.5,"rec+1",0.5,0.02,0.6,0.5,"H-MSY","H","ar1_y",0.2
"om_854",1,0,0.5,"rec+1",0.5,0.02,0.6,0.5,"H-MSY","H","ar1_y",0.2
"om_855",2,0,0.5,"rec+1",0.5,0.02,0.6,0.5,"H-MSY","H","ar1_y",0.2
"om_856",4,0,0.5,"rec+1",0.5,0.02,0.6,0.5,"H-MSY","H","ar1_y",0.2
"om_857",0,0.5,0.5,"rec+1",0.5,0.02,0.6,0.5,"H-MSY","H","ar1_y",0.2
"om_858",1,0.5,0.5,"rec+1",0.5,0.02,0.6,0.5,"H-MSY","H","ar1_y",0.2
"om_859",2,0.5,0.5,"rec+1",0.5,0.02,0.6,0.5,"H-MSY","H","ar1_y",0.2
"om_860",4,0.5,0.5,"rec+1",0.5,0.02,0.6,0.5,"H-MSY","H","ar1_y",0.2
"om_861",0,3,0.5,"rec+1",0.5,0.02,0.6,0.5,"H-MSY","H","ar1_y",0.2
"om_862",1,3,0.5,"rec+1",0.5,0.02,0.6,0.5,"H-MSY","H","ar1_y",0.2
"om_863",2,3,0.5,"rec+1",0.5,0.02,0.6,0.5,"H-MSY","H","ar1_y",0.2
"om_864",4,3,0.5,"rec+1",0.5,0.02,0.6,0.5,"H-MSY","H","ar1_y",0.2
"om_865",0,0,0.02,"rec",0,0.5,0.6,0.5,"H-MSY","H","iid",0
"om_866",1,0,0.02,"rec",0,0.5,0.6,0.5,"H-MSY","H","iid",0
"om_867",2,0,0.02,"rec",0,0.5,0.6,0.5,"H-MSY","H","iid",0
"om_868",4,0,0.02,"rec",0,0.5,0.6,0.5,"H-MSY","H","iid",0
"om_869",0,0.5,0.02,"rec",0,0.5,0.6,0.5,"H-MSY","H","iid",0
"om_870",1,0.5,0.02,"rec",0,0.5,0.6,0.5,"H-MSY","H","iid",0
"om_871",2,0.5,0.02,"rec",0,0.5,0.6,0.5,"H-MSY","H","iid",0
"om_872",4,0.5,0.02,"rec",0,0.5,0.6,0.5,"H-MSY","H","iid",0
"om_873",0,3,0.02,"rec",0,0.5,0.6,0.5,"H-MSY","H","iid",0
"om_874",1,3,0.02,"rec",0,0.5,0.6,0.5,"H-MSY","H","iid",0
"om_875",2,3,0.02,"rec",0,0.5,0.6,0.5,"H-MSY","H","iid",0
"om_876",4,3,0.02,"rec",0,0.5,0.6,0.5,"H-MSY","H","iid",0
"om_877",0,0,0.5,"rec",0,0.5,0.6,0.5,"H-MSY","H","iid",0
"om_878",1,0,0.5,"rec",0,0.5,0.6,0.5,"H-MSY","H","iid",0
"om_879",2,0,0.5,"rec",0,0.5,0.6,0.5,"H-MSY","H","iid",0
"om_880",4,0,0.5,"rec",0,0.5,0.6,0.5,"H-MSY","H","iid",0
"om_881",0,0.5,0.5,"rec",0,0.5,0.6,0.5,"H-MSY","H","iid",0
"om_882",1,0.5,0.5,"rec",0,0.5,0.6,0.5,"H-MSY","H","iid",0
"om_883",2,0.5,0.5,"rec",0,0.5,0.6,0.5,"H-MSY","H","iid",0
"om_884",4,0.5,0.5,"rec",0,0.5,0.6,0.5,"H-MSY","H","iid",0
"om_885",0,3,0.5,"rec",0,0.5,0.6,0.5,"H-MSY","H","iid",0
"om_886",1,3,0.5,"rec",0,0.5,0.6,0.5,"H-MSY","H","iid",0
"om_887",2,3,0.5,"rec",0,0.5,0.6,0.5,"H-MSY","H","iid",0
"om_888",4,3,0.5,"rec",0,0.5,0.6,0.5,"H-MSY","H","iid",0
"om_889",0,0,0.02,"rec+1",0,0.5,0.6,0.5,"H-MSY","H","iid",0.2
"om_890",1,0,0.02,"rec+1",0,0.5,0.6,0.5,"H-MSY","H","iid",0.2
"om_891",2,0,0.02,"rec+1",0,0.5,0.6,0.5,"H-MSY","H","iid",0.2
"om_892",4,0,0.02,"rec+1",0,0.5,0.6,0.5,"H-MSY","H","iid",0.2
"om_893",0,0.5,0.02,"rec+1",0,0.5,0.6,0.5,"H-MSY","H","iid",0.2
"om_894",1,0.5,0.02,"rec+1",0,0.5,0.6,0.5,"H-MSY","H","iid",0.2
"om_895",2,0.5,0.02,"rec+1",0,0.5,0.6,0.5,"H-MSY","H","iid",0.2
"om_896",4,0.5,0.02,"rec+1",0,0.5,0.6,0.5,"H-MSY","H","iid",0.2
"om_897",0,3,0.02,"rec+1",0,0.5,0.6,0.5,"H-MSY","H","iid",0.2
"om_898",1,3,0.02,"rec+1",0,0.5,0.6,0.5,"H-MSY","H","iid",0.2
"om_899",2,3,0.02,"rec+1",0,0.5,0.6,0.5,"H-MSY","H","iid",0.2
"om_900",4,3,0.02,"rec+1",0,0.5,0.6,0.5,"H-MSY","H","iid",0.2
"om_901",0,0,0.5,"rec+1",0,0.5,0.6,0.5,"H-MSY","H","iid",0.2
"om_902",1,0,0.5,"rec+1",0,0.5,0.6,0.5,"H-MSY","H","iid",0.2
"om_903",2,0,0.5,"rec+1",0,0.5,0.6,0.5,"H-MSY","H","iid",0.2
"om_904",4,0,0.5,"rec+1",0,0.5,0.6,0.5,"H-MSY","H","iid",0.2
"om_905",0,0.5,0.5,"rec+1",0,0.5,0.6,0.5,"H-MSY","H","iid",0.2
"om_906",1,0.5,0.5,"rec+1",0,0.5,0.6,0.5,"H-MSY","H","iid",0.2
"om_907",2,0.5,0.5,"rec+1",0,0.5,0.6,0.5,"H-MSY","H","iid",0.2
"om_908",4,0.5,0.5,"rec+1",0,0.5,0.6,0.5,"H-MSY","H","iid",0.2
"om_909",0,3,0.5,"rec+1",0,0.5,0.6,0.5,"H-MSY","H","iid",0.2
"om_910",1,3,0.5,"rec+1",0,0.5,0.6,0.5,"H-MSY","H","iid",0.2
"om_911",2,3,0.5,"rec+1",0,0.5,0.6,0.5,"H-MSY","H","iid",0.2
"om_912",4,3,0.5,"rec+1",0,0.5,0.6,0.5,"H-MSY","H","iid",0.2
"om_913",0,0,0.02,"rec",0.5,0.5,0.6,0.5,"H-MSY","H","ar1_y",0
"om_914",1,0,0.02,"rec",0.5,0.5,0.6,0.5,"H-MSY","H","ar1_y",0
"om_915",2,0,0.02,"rec",0.5,0.5,0.6,0.5,"H-MSY","H","ar1_y",0
"om_916",4,0,0.02,"rec",0.5,0.5,0.6,0.5,"H-MSY","H","ar1_y",0
"om_917",0,0.5,0.02,"rec",0.5,0.5,0.6,0.5,"H-MSY","H","ar1_y",0
"om_918",1,0.5,0.02,"rec",0.5,0.5,0.6,0.5,"H-MSY","H","ar1_y",0
"om_919",2,0.5,0.02,"rec",0.5,0.5,0.6,0.5,"H-MSY","H","ar1_y",0
"om_920",4,0.5,0.02,"rec",0.5,0.5,0.6,0.5,"H-MSY","H","ar1_y",0
"om_921",0,3,0.02,"rec",0.5,0.5,0.6,0.5,"H-MSY","H","ar1_y",0
"om_922",1,3,0.02,"rec",0.5,0.5,0.6,0.5,"H-MSY","H","ar1_y",0
"om_923",2,3,0.02,"rec",0.5,0.5,0.6,0.5,"H-MSY","H","ar1_y",0
"om_924",4,3,0.02,"rec",0.5,0.5,0.6,0.5,"H-MSY","H","ar1_y",0
"om_925",0,0,0.5,"rec",0.5,0.5,0.6,0.5,"H-MSY","H","ar1_y",0
"om_926",1,0,0.5,"rec",0.5,0.5,0.6,0.5,"H-MSY","H","ar1_y",0
"om_927",2,0,0.5,"rec",0.5,0.5,0.6,0.5,"H-MSY","H","ar1_y",0
"om_928",4,0,0.5,"rec",0.5,0.5,0.6,0.5,"H-MSY","H","ar1_y",0
"om_929",0,0.5,0.5,"rec",0.5,0.5,0.6,0.5,"H-MSY","H","ar1_y",0
"om_930",1,0.5,0.5,"rec",0.5,0.5,0.6,0.5,"H-MSY","H","ar1_y",0
"om_931",2,0.5,0.5,"rec",0.5,0.5,0.6,0.5,"H-MSY","H","ar1_y",0
"om_932",4,0.5,0.5,"rec",0.5,0.5,0.6,0.5,"H-MSY","H","ar1_y",0
"om_933",0,3,0.5,"rec",0.5,0.5,0.6,0.5,"H-MSY","H","ar1_y",0
"om_934",1,3,0.5,"rec",0.5,0.5,0.6,0.5,"H-MSY","H","ar1_y",0
"om_935",2,3,0.5,"rec",0.5,0.5,0.6,0.5,"H-MSY","H","ar1_y",0
"om_936",4,3,0.5,"rec",0.5,0.5,0.6,0.5,"H-MSY","H","ar1_y",0
"om_937",0,0,0.02,"rec+1",0.5,0.5,0.6,0.5,"H-MSY","H","ar1_y",0.2
"om_938",1,0,0.02,"rec+1",0.5,0.5,0.6,0.5,"H-MSY","H","ar1_y",0.2
"om_939",2,0,0.02,"rec+1",0.5,0.5,0.6,0.5,"H-MSY","H","ar1_y",0.2
"om_940",4,0,0.02,"rec+1",0.5,0.5,0.6,0.5,"H-MSY","H","ar1_y",0.2
"om_941",0,0.5,0.02,"rec+1",0.5,0.5,0.6,0.5,"H-MSY","H","ar1_y",0.2
"om_942",1,0.5,0.02,"rec+1",0.5,0.5,0.6,0.5,"H-MSY","H","ar1_y",0.2
"om_943",2,0.5,0.02,"rec+1",0.5,0.5,0.6,0.5,"H-MSY","H","ar1_y",0.2
"om_944",4,0.5,0.02,"rec+1",0.5,0.5,0.6,0.5,"H-MSY","H","ar1_y",0.2
"om_945",0,3,0.02,"rec+1",0.5,0.5,0.6,0.5,"H-MSY","H","ar1_y",0.2
"om_946",1,3,0.02,"rec+1",0.5,0.5,0.6,0.5,"H-MSY","H","ar1_y",0.2
"om_947",2,3,0.02,"rec+1",0.5,0.5,0.6,0.5,"H-MSY","H","ar1_y",0.2
"om_948",4,3,0.02,"rec+1",0.5,0.5,0.6,0.5,"H-MSY","H","ar1_y",0.2
"om_949",0,0,0.5,"rec+1",0.5,0.5,0.6,0.5,"H-MSY","H","ar1_y",0.2
"om_950",1,0,0.5,"rec+1",0.5,0.5,0.6,0.5,"H-MSY","H","ar1_y",0.2
"om_951",2,0,0.5,"rec+1",0.5,0.5,0.6,0.5,"H-MSY","H","ar1_y",0.2
"om_952",4,0,0.5,"rec+1",0.5,0.5,0.6,0.5,"H-MSY","H","ar1_y",0.2
"om_953",0,0.5,0.5,"rec+1",0.5,0.5,0.6,0.5,"H-MSY","H","ar1_y",0.2
"om_954",1,0.5,0.5,"rec+1",0.5,0.5,0.6,0.5,"H-MSY","H","ar1_y",0.2
"om_955",2,0.5,0.5,"rec+1",0.5,0.5,0.6,0.5,"H-MSY","H","ar1_y",0.2
"om_956",4,0.5,0.5,"rec+1",0.5,0.5,0.6,0.5,"H-MSY","H","ar1_y",0.2
"om_957",0,3,0.5,"rec+1",0.5,0.5,0.6,0.5,"H-MSY","H","ar1_y",0.2
"om_958",1,3,0.5,"rec+1",0.5,0.5,0.6,0.5,"H-MSY","H","ar1_y",0.2
"om_959",2,3,0.5,"rec+1",0.5,0.5,0.6,0.5,"H-MSY","H","ar1_y",0.2
"om_960",4,3,0.5,"rec+1",0.5,0.5,0.6,0.5,"H-MSY","H","ar1_y",0.2
"om_961",0,0,0.02,"rec",0,0.02,0.6,0,"H-MSY","H","iid",0
"om_962",1,0,0.02,"rec",0,0.02,0.6,0,"H-MSY","H","iid",0
"om_963",2,0,0.02,"rec",0,0.02,0.6,0,"H-MSY","H","iid",0
"om_964",4,0,0.02,"rec",0,0.02,0.6,0,"H-MSY","H","iid",0
"om_965",0,0.5,0.02,"rec",0,0.02,0.6,0,"H-MSY","H","iid",0
"om_966",1,0.5,0.02,"rec",0,0.02,0.6,0,"H-MSY","H","iid",0
"om_967",2,0.5,0.02,"rec",0,0.02,0.6,0,"H-MSY","H","iid",0
"om_968",4,0.5,0.02,"rec",0,0.02,0.6,0,"H-MSY","H","iid",0
"om_969",0,3,0.02,"rec",0,0.02,0.6,0,"H-MSY","H","iid",0
"om_970",1,3,0.02,"rec",0,0.02,0.6,0,"H-MSY","H","iid",0
"om_971",2,3,0.02,"rec",0,0.02,0.6,0,"H-MSY","H","iid",0
"om_972",4,3,0.02,"rec",0,0.02,0.6,0,"H-MSY","H","iid",0
"om_973",0,0,0.5,"rec",0,0.02,0.6,0,"H-MSY","H","iid",0
"om_974",1,0,0.5,"rec",0,0.02,0.6,0,"H-MSY","H","iid",0
"om_975",2,0,0.5,"rec",0,0.02,0.6,0,"H-MSY","H","iid",0
"om_976",4,0,0.5,"rec",0,0.02,0.6,0,"H-MSY","H","iid",0
"om_977",0,0.5,0.5,"rec",0,0.02,0.6,0,"H-MSY","H","iid",0
"om_978",1,0.5,0.5,"rec",0,0.02,0.6,0,"H-MSY","H","iid",0
"om_979",2,0.5,0.5,"rec",0,0.02,0.6,0,"H-MSY","H","iid",0
"om_980",4,0.5,0.5,"rec",0,0.02,0.6,0,"H-MSY","H","iid",0
"om_981",0,3,0.5,"rec",0,0.02,0.6,0,"H-MSY","H","iid",0
"om_982",1,3,0.5,"rec",0,0.02,0.6,0,"H-MSY","H","iid",0
"om_983",2,3,0.5,"rec",0,0.02,0.6,0,"H-MSY","H","iid",0
"om_984",4,3,0.5,"rec",0,0.02,0.6,0,"H-MSY","H","iid",0
"om_985",0,0,0.02,"rec+1",0,0.02,0.6,0,"H-MSY","H","iid",0.2
"om_986",1,0,0.02,"rec+1",0,0.02,0.6,0,"H-MSY","H","iid",0.2
"om_987",2,0,0.02,"rec+1",0,0.02,0.6,0,"H-MSY","H","iid",0.2
"om_988",4,0,0.02,"rec+1",0,0.02,0.6,0,"H-MSY","H","iid",0.2
"om_989",0,0.5,0.02,"rec+1",0,0.02,0.6,0,"H-MSY","H","iid",0.2
"om_990",1,0.5,0.02,"rec+1",0,0.02,0.6,0,"H-MSY","H","iid",0.2
"om_991",2,0.5,0.02,"rec+1",0,0.02,0.6,0,"H-MSY","H","iid",0.2
"om_992",4,0.5,0.02,"rec+1",0,0.02,0.6,0,"H-MSY","H","iid",0.2
"om_993",0,3,0.02,"rec+1",0,0.02,0.6,0,"H-MSY","H","iid",0.2
"om_994",1,3,0.02,"rec+1",0,0.02,0.6,0,"H-MSY","H","iid",0.2
"om_995",2,3,0.02,"rec+1",0,0.02,0.6,0,"H-MSY","H","iid",0.2
"om_996",4,3,0.02,"rec+1",0,0.02,0.6,0,"H-MSY","H","iid",0.2
"om_997",0,0,0.5,"rec+1",0,0.02,0.6,0,"H-MSY","H","iid",0.2
"om_998",1,0,0.5,"rec+1",0,0.02,0.6,0,"H-MSY","H","iid",0.2
"om_999",2,0,0.5,"rec+1",0,0.02,0.6,0,"H-MSY","H","iid",0.2
"om_1000",4,0,0.5,"rec+1",0,0.02,0.6,0,"H-MSY","H","iid",0.2
"om_1001",0,0.5,0.5,"rec+1",0,0.02,0.6,0,"H-MSY","H","iid",0.2
"om_1002",1,0.5,0.5,"rec+1",0,0.02,0.6,0,"H-MSY","H","iid",0.2
"om_1003",2,0.5,0.5,"rec+1",0,0.02,0.6,0,"H-MSY","H","iid",0.2
"om_1004",4,0.5,0.5,"rec+1",0,0.02,0.6,0,"H-MSY","H","iid",0.2
"om_1005",0,3,0.5,"rec+1",0,0.02,0.6,0,"H-MSY","H","iid",0.2
"om_1006",1,3,0.5,"rec+1",0,0.02,0.6,0,"H-MSY","H","iid",0.2
"om_1007",2,3,0.5,"rec+1",0,0.02,0.6,0,"H-MSY","H","iid",0.2
"om_1008",4,3,0.5,"rec+1",0,0.02,0.6,0,"H-MSY","H","iid",0.2
"om_1009",0,0,0.02,"rec",0.5,0.02,0.6,0,"H-MSY","H","ar1_y",0
"om_1010",1,0,0.02,"rec",0.5,0.02,0.6,0,"H-MSY","H","ar1_y",0
"om_1011",2,0,0.02,"rec",0.5,0.02,0.6,0,"H-MSY","H","ar1_y",0
"om_1012",4,0,0.02,"rec",0.5,0.02,0.6,0,"H-MSY","H","ar1_y",0
"om_1013",0,0.5,0.02,"rec",0.5,0.02,0.6,0,"H-MSY","H","ar1_y",0
"om_1014",1,0.5,0.02,"rec",0.5,0.02,0.6,0,"H-MSY","H","ar1_y",0
"om_1015",2,0.5,0.02,"rec",0.5,0.02,0.6,0,"H-MSY","H","ar1_y",0
"om_1016",4,0.5,0.02,"rec",0.5,0.02,0.6,0,"H-MSY","H","ar1_y",0
"om_1017",0,3,0.02,"rec",0.5,0.02,0.6,0,"H-MSY","H","ar1_y",0
"om_1018",1,3,0.02,"rec",0.5,0.02,0.6,0,"H-MSY","H","ar1_y",0
"om_1019",2,3,0.02,"rec",0.5,0.02,0.6,0,"H-MSY","H","ar1_y",0
"om_1020",4,3,0.02,"rec",0.5,0.02,0.6,0,"H-MSY","H","ar1_y",0
"om_1021",0,0,0.5,"rec",0.5,0.02,0.6,0,"H-MSY","H","ar1_y",0
"om_1022",1,0,0.5,"rec",0.5,0.02,0.6,0,"H-MSY","H","ar1_y",0
"om_1023",2,0,0.5,"rec",0.5,0.02,0.6,0,"H-MSY","H","ar1_y",0
"om_1024",4,0,0.5,"rec",0.5,0.02,0.6,0,"H-MSY","H","ar1_y",0
"om_1025",0,0.5,0.5,"rec",0.5,0.02,0.6,0,"H-MSY","H","ar1_y",0
"om_1026",1,0.5,0.5,"rec",0.5,0.02,0.6,0,"H-MSY","H","ar1_y",0
"om_1027",2,0.5,0.5,"rec",0.5,0.02,0.6,0,"H-MSY","H","ar1_y",0
"om_1028",4,0.5,0.5,"rec",0.5,0.02,0.6,0,"H-MSY","H","ar1_y",0
"om_1029",0,3,0.5,"rec",0.5,0.02,0.6,0,"H-MSY","H","ar1_y",0
"om_1030",1,3,0.5,"rec",0.5,0.02,0.6,0,"H-MSY","H","ar1_y",0
"om_1031",2,3,0.5,"rec",0.5,0.02,0.6,0,"H-MSY","H","ar1_y",0
"om_1032",4,3,0.5,"rec",0.5,0.02,0.6,0,"H-MSY","H","ar1_y",0
"om_1033",0,0,0.02,"rec+1",0.5,0.02,0.6,0,"H-MSY","H","ar1_y",0.2
"om_1034",1,0,0.02,"rec+1",0.5,0.02,0.6,0,"H-MSY","H","ar1_y",0.2
"om_1035",2,0,0.02,"rec+1",0.5,0.02,0.6,0,"H-MSY","H","ar1_y",0.2
"om_1036",4,0,0.02,"rec+1",0.5,0.02,0.6,0,"H-MSY","H","ar1_y",0.2
"om_1037",0,0.5,0.02,"rec+1",0.5,0.02,0.6,0,"H-MSY","H","ar1_y",0.2
"om_1038",1,0.5,0.02,"rec+1",0.5,0.02,0.6,0,"H-MSY","H","ar1_y",0.2
"om_1039",2,0.5,0.02,"rec+1",0.5,0.02,0.6,0,"H-MSY","H","ar1_y",0.2
"om_1040",4,0.5,0.02,"rec+1",0.5,0.02,0.6,0,"H-MSY","H","ar1_y",0.2
"om_1041",0,3,0.02,"rec+1",0.5,0.02,0.6,0,"H-MSY","H","ar1_y",0.2
"om_1042",1,3,0.02,"rec+1",0.5,0.02,0.6,0,"H-MSY","H","ar1_y",0.2
"om_1043",2,3,0.02,"rec+1",0.5,0.02,0.6,0,"H-MSY","H","ar1_y",0.2
"om_1044",4,3,0.02,"rec+1",0.5,0.02,0.6,0,"H-MSY","H","ar1_y",0.2
"om_1045",0,0,0.5,"rec+1",0.5,0.02,0.6,0,"H-MSY","H","ar1_y",0.2
"om_1046",1,0,0.5,"rec+1",0.5,0.02,0.6,0,"H-MSY","H","ar1_y",0.2
"om_1047",2,0,0.5,"rec+1",0.5,0.02,0.6,0,"H-MSY","H","ar1_y",0.2
"om_1048",4,0,0.5,"rec+1",0.5,0.02,0.6,0,"H-MSY","H","ar1_y",0.2
"om_1049",0,0.5,0.5,"rec+1",0.5,0.02,0.6,0,"H-MSY","H","ar1_y",0.2
"om_1050",1,0.5,0.5,"rec+1",0.5,0.02,0.6,0,"H-MSY","H","ar1_y",0.2
"om_1051",2,0.5,0.5,"rec+1",0.5,0.02,0.6,0,"H-MSY","H","ar1_y",0.2
"om_1052",4,0.5,0.5,"rec+1",0.5,0.02,0.6,0,"H-MSY","H","ar1_y",0.2
"om_1053",0,3,0.5,"rec+1",0.5,0.02,0.6,0,"H-MSY","H","ar1_y",0.2
"om_1054",1,3,0.5,"rec+1",0.5,0.02,0.6,0,"H-MSY","H","ar1_y",0.2
"om_1055",2,3,0.5,"rec+1",0.5,0.02,0.6,0,"H-MSY","H","ar1_y",0.2
"om_1056",4,3,0.5,"rec+1",0.5,0.02,0.6,0,"H-MSY","H","ar1_y",0.2
"om_1057",0,0,0.02,"rec",0,0.5,0.6,0,"H-MSY","H","iid",0
"om_1058",1,0,0.02,"rec",0,0.5,0.6,0,"H-MSY","H","iid",0
"om_1059",2,0,0.02,"rec",0,0.5,0.6,0,"H-MSY","H","iid",0
"om_1060",4,0,0.02,"rec",0,0.5,0.6,0,"H-MSY","H","iid",0
"om_1061",0,0.5,0.02,"rec",0,0.5,0.6,0,"H-MSY","H","iid",0
"om_1062",1,0.5,0.02,"rec",0,0.5,0.6,0,"H-MSY","H","iid",0
"om_1063",2,0.5,0.02,"rec",0,0.5,0.6,0,"H-MSY","H","iid",0
"om_1064",4,0.5,0.02,"rec",0,0.5,0.6,0,"H-MSY","H","iid",0
"om_1065",0,3,0.02,"rec",0,0.5,0.6,0,"H-MSY","H","iid",0
"om_1066",1,3,0.02,"rec",0,0.5,0.6,0,"H-MSY","H","iid",0
"om_1067",2,3,0.02,"rec",0,0.5,0.6,0,"H-MSY","H","iid",0
"om_1068",4,3,0.02,"rec",0,0.5,0.6,0,"H-MSY","H","iid",0
"om_1069",0,0,0.5,"rec",0,0.5,0.6,0,"H-MSY","H","iid",0
"om_1070",1,0,0.5,"rec",0,0.5,0.6,0,"H-MSY","H","iid",0
"om_1071",2,0,0.5,"rec",0,0.5,0.6,0,"H-MSY","H","iid",0
"om_1072",4,0,0.5,"rec",0,0.5,0.6,0,"H-MSY","H","iid",0
"om_1073",0,0.5,0.5,"rec",0,0.5,0.6,0,"H-MSY","H","iid",0
"om_1074",1,0.5,0.5,"rec",0,0.5,0.6,0,"H-MSY","H","iid",0
"om_1075",2,0.5,0.5,"rec",0,0.5,0.6,0,"H-MSY","H","iid",0
"om_1076",4,0.5,0.5,"rec",0,0.5,0.6,0,"H-MSY","H","iid",0
"om_1077",0,3,0.5,"rec",0,0.5,0.6,0,"H-MSY","H","iid",0
"om_1078",1,3,0.5,"rec",0,0.5,0.6,0,"H-MSY","H","iid",0
"om_1079",2,3,0.5,"rec",0,0.5,0.6,0,"H-MSY","H","iid",0
"om_1080",4,3,0.5,"rec",0,0.5,0.6,0,"H-MSY","H","iid",0
"om_1081",0,0,0.02,"rec+1",0,0.5,0.6,0,"H-MSY","H","iid",0.2
"om_1082",1,0,0.02,"rec+1",0,0.5,0.6,0,"H-MSY","H","iid",0.2
"om_1083",2,0,0.02,"rec+1",0,0.5,0.6,0,"H-MSY","H","iid",0.2
"om_1084",4,0,0.02,"rec+1",0,0.5,0.6,0,"H-MSY","H","iid",0.2
"om_1085",0,0.5,0.02,"rec+1",0,0.5,0.6,0,"H-MSY","H","iid",0.2
"om_1086",1,0.5,0.02,"rec+1",0,0.5,0.6,0,"H-MSY","H","iid",0.2
"om_1087",2,0.5,0.02,"rec+1",0,0.5,0.6,0,"H-MSY","H","iid",0.2
"om_1088",4,0.5,0.02,"rec+1",0,0.5,0.6,0,"H-MSY","H","iid",0.2
"om_1089",0,3,0.02,"rec+1",0,0.5,0.6,0,"H-MSY","H","iid",0.2
"om_1090",1,3,0.02,"rec+1",0,0.5,0.6,0,"H-MSY","H","iid",0.2
"om_1091",2,3,0.02,"rec+1",0,0.5,0.6,0,"H-MSY","H","iid",0.2
"om_1092",4,3,0.02,"rec+1",0,0.5,0.6,0,"H-MSY","H","iid",0.2
"om_1093",0,0,0.5,"rec+1",0,0.5,0.6,0,"H-MSY","H","iid",0.2
"om_1094",1,0,0.5,"rec+1",0,0.5,0.6,0,"H-MSY","H","iid",0.2
"om_1095",2,0,0.5,"rec+1",0,0.5,0.6,0,"H-MSY","H","iid",0.2
"om_1096",4,0,0.5,"rec+1",0,0.5,0.6,0,"H-MSY","H","iid",0.2
"om_1097",0,0.5,0.5,"rec+1",0,0.5,0.6,0,"H-MSY","H","iid",0.2
"om_1098",1,0.5,0.5,"rec+1",0,0.5,0.6,0,"H-MSY","H","iid",0.2
"om_1099",2,0.5,0.5,"rec+1",0,0.5,0.6,0,"H-MSY","H","iid",0.2
"om_1100",4,0.5,0.5,"rec+1",0,0.5,0.6,0,"H-MSY","H","iid",0.2
"om_1101",0,3,0.5,"rec+1",0,0.5,0.6,0,"H-MSY","H","iid",0.2
"om_1102",1,3,0.5,"rec+1",0,0.5,0.6,0,"H-MSY","H","iid",0.2
"om_1103",2,3,0.5,"rec+1",0,0.5,0.6,0,"H-MSY","H","iid",0.2
"om_1104",4,3,0.5,"rec+1",0,0.5,0.6,0,"H-MSY","H","iid",0.2
"om_1105",0,0,0.02,"rec",0.5,0.5,0.6,0,"H-MSY","H","ar1_y",0
"om_1106",1,0,0.02,"rec",0.5,0.5,0.6,0,"H-MSY","H","ar1_y",0
"om_1107",2,0,0.02,"rec",0.5,0.5,0.6,0,"H-MSY","H","ar1_y",0
"om_1108",4,0,0.02,"rec",0.5,0.5,0.6,0,"H-MSY","H","ar1_y",0
"om_1109",0,0.5,0.02,"rec",0.5,0.5,0.6,0,"H-MSY","H","ar1_y",0
"om_1110",1,0.5,0.02,"rec",0.5,0.5,0.6,0,"H-MSY","H","ar1_y",0
"om_1111",2,0.5,0.02,"rec",0.5,0.5,0.6,0,"H-MSY","H","ar1_y",0
"om_1112",4,0.5,0.02,"rec",0.5,0.5,0.6,0,"H-MSY","H","ar1_y",0
"om_1113",0,3,0.02,"rec",0.5,0.5,0.6,0,"H-MSY","H","ar1_y",0
"om_1114",1,3,0.02,"rec",0.5,0.5,0.6,0,"H-MSY","H","ar1_y",0
"om_1115",2,3,0.02,"rec",0.5,0.5,0.6,0,"H-MSY","H","ar1_y",0
"om_1116",4,3,0.02,"rec",0.5,0.5,0.6,0,"H-MSY","H","ar1_y",0
"om_1117",0,0,0.5,"rec",0.5,0.5,0.6,0,"H-MSY","H","ar1_y",0
"om_1118",1,0,0.5,"rec",0.5,0.5,0.6,0,"H-MSY","H","ar1_y",0
"om_1119",2,0,0.5,"rec",0.5,0.5,0.6,0,"H-MSY","H","ar1_y",0
"om_1120",4,0,0.5,"rec",0.5,0.5,0.6,0,"H-MSY","H","ar1_y",0
"om_1121",0,0.5,0.5,"rec",0.5,0.5,0.6,0,"H-MSY","H","ar1_y",0
"om_1122",1,0.5,0.5,"rec",0.5,0.5,0.6,0,"H-MSY","H","ar1_y",0
"om_1123",2,0.5,0.5,"rec",0.5,0.5,0.6,0,"H-MSY","H","ar1_y",0
"om_1124",4,0.5,0.5,"rec",0.5,0.5,0.6,0,"H-MSY","H","ar1_y",0
"om_1125",0,3,0.5,"rec",0.5,0.5,0.6,0,"H-MSY","H","ar1_y",0
"om_1126",1,3,0.5,"rec",0.5,0.5,0.6,0,"H-MSY","H","ar1_y",0
"om_1127",2,3,0.5,"rec",0.5,0.5,0.6,0,"H-MSY","H","ar1_y",0
"om_1128",4,3,0.5,"rec",0.5,0.5,0.6,0,"H-MSY","H","ar1_y",0
"om_1129",0,0,0.02,"rec+1",0.5,0.5,0.6,0,"H-MSY","H","ar1_y",0.2
"om_1130",1,0,0.02,"rec+1",0.5,0.5,0.6,0,"H-MSY","H","ar1_y",0.2
"om_1131",2,0,0.02,"rec+1",0.5,0.5,0.6,0,"H-MSY","H","ar1_y",0.2
"om_1132",4,0,0.02,"rec+1",0.5,0.5,0.6,0,"H-MSY","H","ar1_y",0.2
"om_1133",0,0.5,0.02,"rec+1",0.5,0.5,0.6,0,"H-MSY","H","ar1_y",0.2
"om_1134",1,0.5,0.02,"rec+1",0.5,0.5,0.6,0,"H-MSY","H","ar1_y",0.2
"om_1135",2,0.5,0.02,"rec+1",0.5,0.5,0.6,0,"H-MSY","H","ar1_y",0.2
"om_1136",4,0.5,0.02,"rec+1",0.5,0.5,0.6,0,"H-MSY","H","ar1_y",0.2
"om_1137",0,3,0.02,"rec+1",0.5,0.5,0.6,0,"H-MSY","H","ar1_y",0.2
"om_1138",1,3,0.02,"rec+1",0.5,0.5,0.6,0,"H-MSY","H","ar1_y",0.2
"om_1139",2,3,0.02,"rec+1",0.5,0.5,0.6,0,"H-MSY","H","ar1_y",0.2
"om_1140",4,3,0.02,"rec+1",0.5,0.5,0.6,0,"H-MSY","H","ar1_y",0.2
"om_1141",0,0,0.5,"rec+1",0.5,0.5,0.6,0,"H-MSY","H","ar1_y",0.2
"om_1142",1,0,0.5,"rec+1",0.5,0.5,0.6,0,"H-MSY","H","ar1_y",0.2
"om_1143",2,0,0.5,"rec+1",0.5,0.5,0.6,0,"H-MSY","H","ar1_y",0.2
"om_1144",4,0,0.5,"rec+1",0.5,0.5,0.6,0,"H-MSY","H","ar1_y",0.2
"om_1145",0,0.5,0.5,"rec+1",0.5,0.5,0.6,0,"H-MSY","H","ar1_y",0.2
"om_1146",1,0.5,0.5,"rec+1",0.5,0.5,0.6,0,"H-MSY","H","ar1_y",0.2
"om_1147",2,0.5,0.5,"rec+1",0.5,0.5,0.6,0,"H-MSY","H","ar1_y",0.2
"om_1148",4,0.5,0.5,"rec+1",0.5,0.5,0.6,0,"H-MSY","H","ar1_y",0.2
"om_1149",0,3,0.5,"rec+1",0.5,0.5,0.6,0,"H-MSY","H","ar1_y",0.2
"om_1150",1,3,0.5,"rec+1",0.5,0.5,0.6,0,"H-MSY","H","ar1_y",0.2
"om_1151",2,3,0.5,"rec+1",0.5,0.5,0.6,0,"H-MSY","H","ar1_y",0.2
"om_1152",4,3,0.5,"rec+1",0.5,0.5,0.6,0,"H-MSY","H","ar1_y",0.2
"om_1153",0,0,0.02,"rec",0,0.02,0.6,0.5,"MSY","H","iid",0
"om_1154",1,0,0.02,"rec",0,0.02,0.6,0.5,"MSY","H","iid",0
"om_1155",2,0,0.02,"rec",0,0.02,0.6,0.5,"MSY","H","iid",0
"om_1156",4,0,0.02,"rec",0,0.02,0.6,0.5,"MSY","H","iid",0
"om_1157",0,0.5,0.02,"rec",0,0.02,0.6,0.5,"MSY","H","iid",0
"om_1158",1,0.5,0.02,"rec",0,0.02,0.6,0.5,"MSY","H","iid",0
"om_1159",2,0.5,0.02,"rec",0,0.02,0.6,0.5,"MSY","H","iid",0
"om_1160",4,0.5,0.02,"rec",0,0.02,0.6,0.5,"MSY","H","iid",0
"om_1161",0,3,0.02,"rec",0,0.02,0.6,0.5,"MSY","H","iid",0
"om_1162",1,3,0.02,"rec",0,0.02,0.6,0.5,"MSY","H","iid",0
"om_1163",2,3,0.02,"rec",0,0.02,0.6,0.5,"MSY","H","iid",0
"om_1164",4,3,0.02,"rec",0,0.02,0.6,0.5,"MSY","H","iid",0
"om_1165",0,0,0.5,"rec",0,0.02,0.6,0.5,"MSY","H","iid",0
"om_1166",1,0,0.5,"rec",0,0.02,0.6,0.5,"MSY","H","iid",0
"om_1167",2,0,0.5,"rec",0,0.02,0.6,0.5,"MSY","H","iid",0
"om_1168",4,0,0.5,"rec",0,0.02,0.6,0.5,"MSY","H","iid",0
"om_1169",0,0.5,0.5,"rec",0,0.02,0.6,0.5,"MSY","H","iid",0
"om_1170",1,0.5,0.5,"rec",0,0.02,0.6,0.5,"MSY","H","iid",0
"om_1171",2,0.5,0.5,"rec",0,0.02,0.6,0.5,"MSY","H","iid",0
"om_1172",4,0.5,0.5,"rec",0,0.02,0.6,0.5,"MSY","H","iid",0
"om_1173",0,3,0.5,"rec",0,0.02,0.6,0.5,"MSY","H","iid",0
"om_1174",1,3,0.5,"rec",0,0.02,0.6,0.5,"MSY","H","iid",0
"om_1175",2,3,0.5,"rec",0,0.02,0.6,0.5,"MSY","H","iid",0
"om_1176",4,3,0.5,"rec",0,0.02,0.6,0.5,"MSY","H","iid",0
"om_1177",0,0,0.02,"rec+1",0,0.02,0.6,0.5,"MSY","H","iid",0.2
"om_1178",1,0,0.02,"rec+1",0,0.02,0.6,0.5,"MSY","H","iid",0.2
"om_1179",2,0,0.02,"rec+1",0,0.02,0.6,0.5,"MSY","H","iid",0.2
"om_1180",4,0,0.02,"rec+1",0,0.02,0.6,0.5,"MSY","H","iid",0.2
"om_1181",0,0.5,0.02,"rec+1",0,0.02,0.6,0.5,"MSY","H","iid",0.2
"om_1182",1,0.5,0.02,"rec+1",0,0.02,0.6,0.5,"MSY","H","iid",0.2
"om_1183",2,0.5,0.02,"rec+1",0,0.02,0.6,0.5,"MSY","H","iid",0.2
"om_1184",4,0.5,0.02,"rec+1",0,0.02,0.6,0.5,"MSY","H","iid",0.2
"om_1185",0,3,0.02,"rec+1",0,0.02,0.6,0.5,"MSY","H","iid",0.2
"om_1186",1,3,0.02,"rec+1",0,0.02,0.6,0.5,"MSY","H","iid",0.2
"om_1187",2,3,0.02,"rec+1",0,0.02,0.6,0.5,"MSY","H","iid",0.2
"om_1188",4,3,0.02,"rec+1",0,0.02,0.6,0.5,"MSY","H","iid",0.2
"om_1189",0,0,0.5,"rec+1",0,0.02,0.6,0.5,"MSY","H","iid",0.2
"om_1190",1,0,0.5,"rec+1",0,0.02,0.6,0.5,"MSY","H","iid",0.2
"om_1191",2,0,0.5,"rec+1",0,0.02,0.6,0.5,"MSY","H","iid",0.2
"om_1192",4,0,0.5,"rec+1",0,0.02,0.6,0.5,"MSY","H","iid",0.2
"om_1193",0,0.5,0.5,"rec+1",0,0.02,0.6,0.5,"MSY","H","iid",0.2
"om_1194",1,0.5,0.5,"rec+1",0,0.02,0.6,0.5,"MSY","H","iid",0.2
"om_1195",2,0.5,0.5,"rec+1",0,0.02,0.6,0.5,"MSY","H","iid",0.2
"om_1196",4,0.5,0.5,"rec+1",0,0.02,0.6,0.5,"MSY","H","iid",0.2
"om_1197",0,3,0.5,"rec+1",0,0.02,0.6,0.5,"MSY","H","iid",0.2
"om_1198",1,3,0.5,"rec+1",0,0.02,0.6,0.5,"MSY","H","iid",0.2
"om_1199",2,3,0.5,"rec+1",0,0.02,0.6,0.5,"MSY","H","iid",0.2
"om_1200",4,3,0.5,"rec+1",0,0.02,0.6,0.5,"MSY","H","iid",0.2
"om_1201",0,0,0.02,"rec",0.5,0.02,0.6,0.5,"MSY","H","ar1_y",0
"om_1202",1,0,0.02,"rec",0.5,0.02,0.6,0.5,"MSY","H","ar1_y",0
"om_1203",2,0,0.02,"rec",0.5,0.02,0.6,0.5,"MSY","H","ar1_y",0
"om_1204",4,0,0.02,"rec",0.5,0.02,0.6,0.5,"MSY","H","ar1_y",0
"om_1205",0,0.5,0.02,"rec",0.5,0.02,0.6,0.5,"MSY","H","ar1_y",0
"om_1206",1,0.5,0.02,"rec",0.5,0.02,0.6,0.5,"MSY","H","ar1_y",0
"om_1207",2,0.5,0.02,"rec",0.5,0.02,0.6,0.5,"MSY","H","ar1_y",0
"om_1208",4,0.5,0.02,"rec",0.5,0.02,0.6,0.5,"MSY","H","ar1_y",0
"om_1209",0,3,0.02,"rec",0.5,0.02,0.6,0.5,"MSY","H","ar1_y",0
"om_1210",1,3,0.02,"rec",0.5,0.02,0.6,0.5,"MSY","H","ar1_y",0
"om_1211",2,3,0.02,"rec",0.5,0.02,0.6,0.5,"MSY","H","ar1_y",0
"om_1212",4,3,0.02,"rec",0.5,0.02,0.6,0.5,"MSY","H","ar1_y",0
"om_1213",0,0,0.5,"rec",0.5,0.02,0.6,0.5,"MSY","H","ar1_y",0
"om_1214",1,0,0.5,"rec",0.5,0.02,0.6,0.5,"MSY","H","ar1_y",0
"om_1215",2,0,0.5,"rec",0.5,0.02,0.6,0.5,"MSY","H","ar1_y",0
"om_1216",4,0,0.5,"rec",0.5,0.02,0.6,0.5,"MSY","H","ar1_y",0
"om_1217",0,0.5,0.5,"rec",0.5,0.02,0.6,0.5,"MSY","H","ar1_y",0
"om_1218",1,0.5,0.5,"rec",0.5,0.02,0.6,0.5,"MSY","H","ar1_y",0
"om_1219",2,0.5,0.5,"rec",0.5,0.02,0.6,0.5,"MSY","H","ar1_y",0
"om_1220",4,0.5,0.5,"rec",0.5,0.02,0.6,0.5,"MSY","H","ar1_y",0
"om_1221",0,3,0.5,"rec",0.5,0.02,0.6,0.5,"MSY","H","ar1_y",0
"om_1222",1,3,0.5,"rec",0.5,0.02,0.6,0.5,"MSY","H","ar1_y",0
"om_1223",2,3,0.5,"rec",0.5,0.02,0.6,0.5,"MSY","H","ar1_y",0
"om_1224",4,3,0.5,"rec",0.5,0.02,0.6,0.5,"MSY","H","ar1_y",0
"om_1225",0,0,0.02,"rec+1",0.5,0.02,0.6,0.5,"MSY","H","ar1_y",0.2
"om_1226",1,0,0.02,"rec+1",0.5,0.02,0.6,0.5,"MSY","H","ar1_y",0.2
"om_1227",2,0,0.02,"rec+1",0.5,0.02,0.6,0.5,"MSY","H","ar1_y",0.2
"om_1228",4,0,0.02,"rec+1",0.5,0.02,0.6,0.5,"MSY","H","ar1_y",0.2
"om_1229",0,0.5,0.02,"rec+1",0.5,0.02,0.6,0.5,"MSY","H","ar1_y",0.2
"om_1230",1,0.5,0.02,"rec+1",0.5,0.02,0.6,0.5,"MSY","H","ar1_y",0.2
"om_1231",2,0.5,0.02,"rec+1",0.5,0.02,0.6,0.5,"MSY","H","ar1_y",0.2
"om_1232",4,0.5,0.02,"rec+1",0.5,0.02,0.6,0.5,"MSY","H","ar1_y",0.2
"om_1233",0,3,0.02,"rec+1",0.5,0.02,0.6,0.5,"MSY","H","ar1_y",0.2
"om_1234",1,3,0.02,"rec+1",0.5,0.02,0.6,0.5,"MSY","H","ar1_y",0.2
"om_1235",2,3,0.02,"rec+1",0.5,0.02,0.6,0.5,"MSY","H","ar1_y",0.2
"om_1236",4,3,0.02,"rec+1",0.5,0.02,0.6,0.5,"MSY","H","ar1_y",0.2
"om_1237",0,0,0.5,"rec+1",0.5,0.02,0.6,0.5,"MSY","H","ar1_y",0.2
"om_1238",1,0,0.5,"rec+1",0.5,0.02,0.6,0.5,"MSY","H","ar1_y",0.2
"om_1239",2,0,0.5,"rec+1",0.5,0.02,0.6,0.5,"MSY","H","ar1_y",0.2
"om_1240",4,0,0.5,"rec+1",0.5,0.02,0.6,0.5,"MSY","H","ar1_y",0.2
"om_1241",0,0.5,0.5,"rec+1",0.5,0.02,0.6,0.5,"MSY","H","ar1_y",0.2
"om_1242",1,0.5,0.5,"rec+1",0.5,0.02,0.6,0.5,"MSY","H","ar1_y",0.2
"om_1243",2,0.5,0.5,"rec+1",0.5,0.02,0.6,0.5,"MSY","H","ar1_y",0.2
"om_1244",4,0.5,0.5,"rec+1",0.5,0.02,0.6,0.5,"MSY","H","ar1_y",0.2
"om_1245",0,3,0.5,"rec+1",0.5,0.02,0.6,0.5,"MSY","H","ar1_y",0.2
"om_1246",1,3,0.5,"rec+1",0.5,0.02,0.6,0.5,"MSY","H","ar1_y",0.2
"om_1247",2,3,0.5,"rec+1",0.5,0.02,0.6,0.5,"MSY","H","ar1_y",0.2
"om_1248",4,3,0.5,"rec+1",0.5,0.02,0.6,0.5,"MSY","H","ar1_y",0.2
"om_1249",0,0,0.02,"rec",0,0.5,0.6,0.5,"MSY","H","iid",0
"om_1250",1,0,0.02,"rec",0,0.5,0.6,0.5,"MSY","H","iid",0
"om_1251",2,0,0.02,"rec",0,0.5,0.6,0.5,"MSY","H","iid",0
"om_1252",4,0,0.02,"rec",0,0.5,0.6,0.5,"MSY","H","iid",0
"om_1253",0,0.5,0.02,"rec",0,0.5,0.6,0.5,"MSY","H","iid",0
"om_1254",1,0.5,0.02,"rec",0,0.5,0.6,0.5,"MSY","H","iid",0
"om_1255",2,0.5,0.02,"rec",0,0.5,0.6,0.5,"MSY","H","iid",0
"om_1256",4,0.5,0.02,"rec",0,0.5,0.6,0.5,"MSY","H","iid",0
"om_1257",0,3,0.02,"rec",0,0.5,0.6,0.5,"MSY","H","iid",0
"om_1258",1,3,0.02,"rec",0,0.5,0.6,0.5,"MSY","H","iid",0
"om_1259",2,3,0.02,"rec",0,0.5,0.6,0.5,"MSY","H","iid",0
"om_1260",4,3,0.02,"rec",0,0.5,0.6,0.5,"MSY","H","iid",0
"om_1261",0,0,0.5,"rec",0,0.5,0.6,0.5,"MSY","H","iid",0
"om_1262",1,0,0.5,"rec",0,0.5,0.6,0.5,"MSY","H","iid",0
"om_1263",2,0,0.5,"rec",0,0.5,0.6,0.5,"MSY","H","iid",0
"om_1264",4,0,0.5,"rec",0,0.5,0.6,0.5,"MSY","H","iid",0
"om_1265",0,0.5,0.5,"rec",0,0.5,0.6,0.5,"MSY","H","iid",0
"om_1266",1,0.5,0.5,"rec",0,0.5,0.6,0.5,"MSY","H","iid",0
"om_1267",2,0.5,0.5,"rec",0,0.5,0.6,0.5,"MSY","H","iid",0
"om_1268",4,0.5,0.5,"rec",0,0.5,0.6,0.5,"MSY","H","iid",0
"om_1269",0,3,0.5,"rec",0,0.5,0.6,0.5,"MSY","H","iid",0
"om_1270",1,3,0.5,"rec",0,0.5,0.6,0.5,"MSY","H","iid",0
"om_1271",2,3,0.5,"rec",0,0.5,0.6,0.5,"MSY","H","iid",0
"om_1272",4,3,0.5,"rec",0,0.5,0.6,0.5,"MSY","H","iid",0
"om_1273",0,0,0.02,"rec+1",0,0.5,0.6,0.5,"MSY","H","iid",0.2
"om_1274",1,0,0.02,"rec+1",0,0.5,0.6,0.5,"MSY","H","iid",0.2
"om_1275",2,0,0.02,"rec+1",0,0.5,0.6,0.5,"MSY","H","iid",0.2
"om_1276",4,0,0.02,"rec+1",0,0.5,0.6,0.5,"MSY","H","iid",0.2
"om_1277",0,0.5,0.02,"rec+1",0,0.5,0.6,0.5,"MSY","H","iid",0.2
"om_1278",1,0.5,0.02,"rec+1",0,0.5,0.6,0.5,"MSY","H","iid",0.2
"om_1279",2,0.5,0.02,"rec+1",0,0.5,0.6,0.5,"MSY","H","iid",0.2
"om_1280",4,0.5,0.02,"rec+1",0,0.5,0.6,0.5,"MSY","H","iid",0.2
"om_1281",0,3,0.02,"rec+1",0,0.5,0.6,0.5,"MSY","H","iid",0.2
"om_1282",1,3,0.02,"rec+1",0,0.5,0.6,0.5,"MSY","H","iid",0.2
"om_1283",2,3,0.02,"rec+1",0,0.5,0.6,0.5,"MSY","H","iid",0.2
"om_1284",4,3,0.02,"rec+1",0,0.5,0.6,0.5,"MSY","H","iid",0.2
"om_1285",0,0,0.5,"rec+1",0,0.5,0.6,0.5,"MSY","H","iid",0.2
"om_1286",1,0,0.5,"rec+1",0,0.5,0.6,0.5,"MSY","H","iid",0.2
"om_1287",2,0,0.5,"rec+1",0,0.5,0.6,0.5,"MSY","H","iid",0.2
"om_1288",4,0,0.5,"rec+1",0,0.5,0.6,0.5,"MSY","H","iid",0.2
"om_1289",0,0.5,0.5,"rec+1",0,0.5,0.6,0.5,"MSY","H","iid",0.2
"om_1290",1,0.5,0.5,"rec+1",0,0.5,0.6,0.5,"MSY","H","iid",0.2
"om_1291",2,0.5,0.5,"rec+1",0,0.5,0.6,0.5,"MSY","H","iid",0.2
"om_1292",4,0.5,0.5,"rec+1",0,0.5,0.6,0.5,"MSY","H","iid",0.2
"om_1293",0,3,0.5,"rec+1",0,0.5,0.6,0.5,"MSY","H","iid",0.2
"om_1294",1,3,0.5,"rec+1",0,0.5,0.6,0.5,"MSY","H","iid",0.2
"om_1295",2,3,0.5,"rec+1",0,0.5,0.6,0.5,"MSY","H","iid",0.2
"om_1296",4,3,0.5,"rec+1",0,0.5,0.6,0.5,"MSY","H","iid",0.2
"om_1297",0,0,0.02,"rec",0.5,0.5,0.6,0.5,"MSY","H","ar1_y",0
"om_1298",1,0,0.02,"rec",0.5,0.5,0.6,0.5,"MSY","H","ar1_y",0
"om_1299",2,0,0.02,"rec",0.5,0.5,0.6,0.5,"MSY","H","ar1_y",0
"om_1300",4,0,0.02,"rec",0.5,0.5,0.6,0.5,"MSY","H","ar1_y",0
"om_1301",0,0.5,0.02,"rec",0.5,0.5,0.6,0.5,"MSY","H","ar1_y",0
"om_1302",1,0.5,0.02,"rec",0.5,0.5,0.6,0.5,"MSY","H","ar1_y",0
"om_1303",2,0.5,0.02,"rec",0.5,0.5,0.6,0.5,"MSY","H","ar1_y",0
"om_1304",4,0.5,0.02,"rec",0.5,0.5,0.6,0.5,"MSY","H","ar1_y",0
"om_1305",0,3,0.02,"rec",0.5,0.5,0.6,0.5,"MSY","H","ar1_y",0
"om_1306",1,3,0.02,"rec",0.5,0.5,0.6,0.5,"MSY","H","ar1_y",0
"om_1307",2,3,0.02,"rec",0.5,0.5,0.6,0.5,"MSY","H","ar1_y",0
"om_1308",4,3,0.02,"rec",0.5,0.5,0.6,0.5,"MSY","H","ar1_y",0
"om_1309",0,0,0.5,"rec",0.5,0.5,0.6,0.5,"MSY","H","ar1_y",0
"om_1310",1,0,0.5,"rec",0.5,0.5,0.6,0.5,"MSY","H","ar1_y",0
"om_1311",2,0,0.5,"rec",0.5,0.5,0.6,0.5,"MSY","H","ar1_y",0
"om_1312",4,0,0.5,"rec",0.5,0.5,0.6,0.5,"MSY","H","ar1_y",0
"om_1313",0,0.5,0.5,"rec",0.5,0.5,0.6,0.5,"MSY","H","ar1_y",0
"om_1314",1,0.5,0.5,"rec",0.5,0.5,0.6,0.5,"MSY","H","ar1_y",0
"om_1315",2,0.5,0.5,"rec",0.5,0.5,0.6,0.5,"MSY","H","ar1_y",0
"om_1316",4,0.5,0.5,"rec",0.5,0.5,0.6,0.5,"MSY","H","ar1_y",0
"om_1317",0,3,0.5,"rec",0.5,0.5,0.6,0.5,"MSY","H","ar1_y",0
"om_1318",1,3,0.5,"rec",0.5,0.5,0.6,0.5,"MSY","H","ar1_y",0
"om_1319",2,3,0.5,"rec",0.5,0.5,0.6,0.5,"MSY","H","ar1_y",0
"om_1320",4,3,0.5,"rec",0.5,0.5,0.6,0.5,"MSY","H","ar1_y",0
"om_1321",0,0,0.02,"rec+1",0.5,0.5,0.6,0.5,"MSY","H","ar1_y",0.2
"om_1322",1,0,0.02,"rec+1",0.5,0.5,0.6,0.5,"MSY","H","ar1_y",0.2
"om_1323",2,0,0.02,"rec+1",0.5,0.5,0.6,0.5,"MSY","H","ar1_y",0.2
"om_1324",4,0,0.02,"rec+1",0.5,0.5,0.6,0.5,"MSY","H","ar1_y",0.2
"om_1325",0,0.5,0.02,"rec+1",0.5,0.5,0.6,0.5,"MSY","H","ar1_y",0.2
"om_1326",1,0.5,0.02,"rec+1",0.5,0.5,0.6,0.5,"MSY","H","ar1_y",0.2
"om_1327",2,0.5,0.02,"rec+1",0.5,0.5,0.6,0.5,"MSY","H","ar1_y",0.2
"om_1328",4,0.5,0.02,"rec+1",0.5,0.5,0.6,0.5,"MSY","H","ar1_y",0.2
"om_1329",0,3,0.02,"rec+1",0.5,0.5,0.6,0.5,"MSY","H","ar1_y",0.2
"om_1330",1,3,0.02,"rec+1",0.5,0.5,0.6,0.5,"MSY","H","ar1_y",0.2
"om_1331",2,3,0.02,"rec+1",0.5,0.5,0.6,0.5,"MSY","H","ar1_y",0.2
"om_1332",4,3,0.02,"rec+1",0.5,0.5,0.6,0.5,"MSY","H","ar1_y",0.2
"om_1333",0,0,0.5,"rec+1",0.5,0.5,0.6,0.5,"MSY","H","ar1_y",0.2
"om_1334",1,0,0.5,"rec+1",0.5,0.5,0.6,0.5,"MSY","H","ar1_y",0.2
"om_1335",2,0,0.5,"rec+1",0.5,0.5,0.6,0.5,"MSY","H","ar1_y",0.2
"om_1336",4,0,0.5,"rec+1",0.5,0.5,0.6,0.5,"MSY","H","ar1_y",0.2
"om_1337",0,0.5,0.5,"rec+1",0.5,0.5,0.6,0.5,"MSY","H","ar1_y",0.2
"om_1338",1,0.5,0.5,"rec+1",0.5,0.5,0.6,0.5,"MSY","H","ar1_y",0.2
"om_1339",2,0.5,0.5,"rec+1",0.5,0.5,0.6,0.5,"MSY","H","ar1_y",0.2
"om_1340",4,0.5,0.5,"rec+1",0.5,0.5,0.6,0.5,"MSY","H","ar1_y",0.2
"om_1341",0,3,0.5,"rec+1",0.5,0.5,0.6,0.5,"MSY","H","ar1_y",0.2
"om_1342",1,3,0.5,"rec+1",0.5,0.5,0.6,0.5,"MSY","H","ar1_y",0.2
"om_1343",2,3,0.5,"rec+1",0.5,0.5,0.6,0.5,"MSY","H","ar1_y",0.2
"om_1344",4,3,0.5,"rec+1",0.5,0.5,0.6,0.5,"MSY","H","ar1_y",0.2
"om_1345",0,0,0.02,"rec",0,0.02,0.6,0,"MSY","H","iid",0
"om_1346",1,0,0.02,"rec",0,0.02,0.6,0,"MSY","H","iid",0
"om_1347",2,0,0.02,"rec",0,0.02,0.6,0,"MSY","H","iid",0
"om_1348",4,0,0.02,"rec",0,0.02,0.6,0,"MSY","H","iid",0
"om_1349",0,0.5,0.02,"rec",0,0.02,0.6,0,"MSY","H","iid",0
"om_1350",1,0.5,0.02,"rec",0,0.02,0.6,0,"MSY","H","iid",0
"om_1351",2,0.5,0.02,"rec",0,0.02,0.6,0,"MSY","H","iid",0
"om_1352",4,0.5,0.02,"rec",0,0.02,0.6,0,"MSY","H","iid",0
"om_1353",0,3,0.02,"rec",0,0.02,0.6,0,"MSY","H","iid",0
"om_1354",1,3,0.02,"rec",0,0.02,0.6,0,"MSY","H","iid",0
"om_1355",2,3,0.02,"rec",0,0.02,0.6,0,"MSY","H","iid",0
"om_1356",4,3,0.02,"rec",0,0.02,0.6,0,"MSY","H","iid",0
"om_1357",0,0,0.5,"rec",0,0.02,0.6,0,"MSY","H","iid",0
"om_1358",1,0,0.5,"rec",0,0.02,0.6,0,"MSY","H","iid",0
"om_1359",2,0,0.5,"rec",0,0.02,0.6,0,"MSY","H","iid",0
"om_1360",4,0,0.5,"rec",0,0.02,0.6,0,"MSY","H","iid",0
"om_1361",0,0.5,0.5,"rec",0,0.02,0.6,0,"MSY","H","iid",0
"om_1362",1,0.5,0.5,"rec",0,0.02,0.6,0,"MSY","H","iid",0
"om_1363",2,0.5,0.5,"rec",0,0.02,0.6,0,"MSY","H","iid",0
"om_1364",4,0.5,0.5,"rec",0,0.02,0.6,0,"MSY","H","iid",0
"om_1365",0,3,0.5,"rec",0,0.02,0.6,0,"MSY","H","iid",0
"om_1366",1,3,0.5,"rec",0,0.02,0.6,0,"MSY","H","iid",0
"om_1367",2,3,0.5,"rec",0,0.02,0.6,0,"MSY","H","iid",0
"om_1368",4,3,0.5,"rec",0,0.02,0.6,0,"MSY","H","iid",0
"om_1369",0,0,0.02,"rec+1",0,0.02,0.6,0,"MSY","H","iid",0.2
"om_1370",1,0,0.02,"rec+1",0,0.02,0.6,0,"MSY","H","iid",0.2
"om_1371",2,0,0.02,"rec+1",0,0.02,0.6,0,"MSY","H","iid",0.2
"om_1372",4,0,0.02,"rec+1",0,0.02,0.6,0,"MSY","H","iid",0.2
"om_1373",0,0.5,0.02,"rec+1",0,0.02,0.6,0,"MSY","H","iid",0.2
"om_1374",1,0.5,0.02,"rec+1",0,0.02,0.6,0,"MSY","H","iid",0.2
"om_1375",2,0.5,0.02,"rec+1",0,0.02,0.6,0,"MSY","H","iid",0.2
"om_1376",4,0.5,0.02,"rec+1",0,0.02,0.6,0,"MSY","H","iid",0.2
"om_1377",0,3,0.02,"rec+1",0,0.02,0.6,0,"MSY","H","iid",0.2
"om_1378",1,3,0.02,"rec+1",0,0.02,0.6,0,"MSY","H","iid",0.2
"om_1379",2,3,0.02,"rec+1",0,0.02,0.6,0,"MSY","H","iid",0.2
"om_1380",4,3,0.02,"rec+1",0,0.02,0.6,0,"MSY","H","iid",0.2
"om_1381",0,0,0.5,"rec+1",0,0.02,0.6,0,"MSY","H","iid",0.2
"om_1382",1,0,0.5,"rec+1",0,0.02,0.6,0,"MSY","H","iid",0.2
"om_1383",2,0,0.5,"rec+1",0,0.02,0.6,0,"MSY","H","iid",0.2
"om_1384",4,0,0.5,"rec+1",0,0.02,0.6,0,"MSY","H","iid",0.2
"om_1385",0,0.5,0.5,"rec+1",0,0.02,0.6,0,"MSY","H","iid",0.2
"om_1386",1,0.5,0.5,"rec+1",0,0.02,0.6,0,"MSY","H","iid",0.2
"om_1387",2,0.5,0.5,"rec+1",0,0.02,0.6,0,"MSY","H","iid",0.2
"om_1388",4,0.5,0.5,"rec+1",0,0.02,0.6,0,"MSY","H","iid",0.2
"om_1389",0,3,0.5,"rec+1",0,0.02,0.6,0,"MSY","H","iid",0.2
"om_1390",1,3,0.5,"rec+1",0,0.02,0.6,0,"MSY","H","iid",0.2
"om_1391",2,3,0.5,"rec+1",0,0.02,0.6,0,"MSY","H","iid",0.2
"om_1392",4,3,0.5,"rec+1",0,0.02,0.6,0,"MSY","H","iid",0.2
"om_1393",0,0,0.02,"rec",0.5,0.02,0.6,0,"MSY","H","ar1_y",0
"om_1394",1,0,0.02,"rec",0.5,0.02,0.6,0,"MSY","H","ar1_y",0
"om_1395",2,0,0.02,"rec",0.5,0.02,0.6,0,"MSY","H","ar1_y",0
"om_1396",4,0,0.02,"rec",0.5,0.02,0.6,0,"MSY","H","ar1_y",0
"om_1397",0,0.5,0.02,"rec",0.5,0.02,0.6,0,"MSY","H","ar1_y",0
"om_1398",1,0.5,0.02,"rec",0.5,0.02,0.6,0,"MSY","H","ar1_y",0
"om_1399",2,0.5,0.02,"rec",0.5,0.02,0.6,0,"MSY","H","ar1_y",0
"om_1400",4,0.5,0.02,"rec",0.5,0.02,0.6,0,"MSY","H","ar1_y",0
"om_1401",0,3,0.02,"rec",0.5,0.02,0.6,0,"MSY","H","ar1_y",0
"om_1402",1,3,0.02,"rec",0.5,0.02,0.6,0,"MSY","H","ar1_y",0
"om_1403",2,3,0.02,"rec",0.5,0.02,0.6,0,"MSY","H","ar1_y",0
"om_1404",4,3,0.02,"rec",0.5,0.02,0.6,0,"MSY","H","ar1_y",0
"om_1405",0,0,0.5,"rec",0.5,0.02,0.6,0,"MSY","H","ar1_y",0
"om_1406",1,0,0.5,"rec",0.5,0.02,0.6,0,"MSY","H","ar1_y",0
"om_1407",2,0,0.5,"rec",0.5,0.02,0.6,0,"MSY","H","ar1_y",0
"om_1408",4,0,0.5,"rec",0.5,0.02,0.6,0,"MSY","H","ar1_y",0
"om_1409",0,0.5,0.5,"rec",0.5,0.02,0.6,0,"MSY","H","ar1_y",0
"om_1410",1,0.5,0.5,"rec",0.5,0.02,0.6,0,"MSY","H","ar1_y",0
"om_1411",2,0.5,0.5,"rec",0.5,0.02,0.6,0,"MSY","H","ar1_y",0
"om_1412",4,0.5,0.5,"rec",0.5,0.02,0.6,0,"MSY","H","ar1_y",0
"om_1413",0,3,0.5,"rec",0.5,0.02,0.6,0,"MSY","H","ar1_y",0
"om_1414",1,3,0.5,"rec",0.5,0.02,0.6,0,"MSY","H","ar1_y",0
"om_1415",2,3,0.5,"rec",0.5,0.02,0.6,0,"MSY","H","ar1_y",0
"om_1416",4,3,0.5,"rec",0.5,0.02,0.6,0,"MSY","H","ar1_y",0
"om_1417",0,0,0.02,"rec+1",0.5,0.02,0.6,0,"MSY","H","ar1_y",0.2
"om_1418",1,0,0.02,"rec+1",0.5,0.02,0.6,0,"MSY","H","ar1_y",0.2
"om_1419",2,0,0.02,"rec+1",0.5,0.02,0.6,0,"MSY","H","ar1_y",0.2
"om_1420",4,0,0.02,"rec+1",0.5,0.02,0.6,0,"MSY","H","ar1_y",0.2
"om_1421",0,0.5,0.02,"rec+1",0.5,0.02,0.6,0,"MSY","H","ar1_y",0.2
"om_1422",1,0.5,0.02,"rec+1",0.5,0.02,0.6,0,"MSY","H","ar1_y",0.2
"om_1423",2,0.5,0.02,"rec+1",0.5,0.02,0.6,0,"MSY","H","ar1_y",0.2
"om_1424",4,0.5,0.02,"rec+1",0.5,0.02,0.6,0,"MSY","H","ar1_y",0.2
"om_1425",0,3,0.02,"rec+1",0.5,0.02,0.6,0,"MSY","H","ar1_y",0.2
"om_1426",1,3,0.02,"rec+1",0.5,0.02,0.6,0,"MSY","H","ar1_y",0.2
"om_1427",2,3,0.02,"rec+1",0.5,0.02,0.6,0,"MSY","H","ar1_y",0.2
"om_1428",4,3,0.02,"rec+1",0.5,0.02,0.6,0,"MSY","H","ar1_y",0.2
"om_1429",0,0,0.5,"rec+1",0.5,0.02,0.6,0,"MSY","H","ar1_y",0.2
"om_1430",1,0,0.5,"rec+1",0.5,0.02,0.6,0,"MSY","H","ar1_y",0.2
"om_1431",2,0,0.5,"rec+1",0.5,0.02,0.6,0,"MSY","H","ar1_y",0.2
"om_1432",4,0,0.5,"rec+1",0.5,0.02,0.6,0,"MSY","H","ar1_y",0.2
"om_1433",0,0.5,0.5,"rec+1",0.5,0.02,0.6,0,"MSY","H","ar1_y",0.2
"om_1434",1,0.5,0.5,"rec+1",0.5,0.02,0.6,0,"MSY","H","ar1_y",0.2
"om_1435",2,0.5,0.5,"rec+1",0.5,0.02,0.6,0,"MSY","H","ar1_y",0.2
"om_1436",4,0.5,0.5,"rec+1",0.5,0.02,0.6,0,"MSY","H","ar1_y",0.2
"om_1437",0,3,0.5,"rec+1",0.5,0.02,0.6,0,"MSY","H","ar1_y",0.2
"om_1438",1,3,0.5,"rec+1",0.5,0.02,0.6,0,"MSY","H","ar1_y",0.2
"om_1439",2,3,0.5,"rec+1",0.5,0.02,0.6,0,"MSY","H","ar1_y",0.2
"om_1440",4,3,0.5,"rec+1",0.5,0.02,0.6,0,"MSY","H","ar1_y",0.2
"om_1441",0,0,0.02,"rec",0,0.5,0.6,0,"MSY","H","iid",0
"om_1442",1,0,0.02,"rec",0,0.5,0.6,0,"MSY","H","iid",0
"om_1443",2,0,0.02,"rec",0,0.5,0.6,0,"MSY","H","iid",0
"om_1444",4,0,0.02,"rec",0,0.5,0.6,0,"MSY","H","iid",0
"om_1445",0,0.5,0.02,"rec",0,0.5,0.6,0,"MSY","H","iid",0
"om_1446",1,0.5,0.02,"rec",0,0.5,0.6,0,"MSY","H","iid",0
"om_1447",2,0.5,0.02,"rec",0,0.5,0.6,0,"MSY","H","iid",0
"om_1448",4,0.5,0.02,"rec",0,0.5,0.6,0,"MSY","H","iid",0
"om_1449",0,3,0.02,"rec",0,0.5,0.6,0,"MSY","H","iid",0
"om_1450",1,3,0.02,"rec",0,0.5,0.6,0,"MSY","H","iid",0
"om_1451",2,3,0.02,"rec",0,0.5,0.6,0,"MSY","H","iid",0
"om_1452",4,3,0.02,"rec",0,0.5,0.6,0,"MSY","H","iid",0
"om_1453",0,0,0.5,"rec",0,0.5,0.6,0,"MSY","H","iid",0
"om_1454",1,0,0.5,"rec",0,0.5,0.6,0,"MSY","H","iid",0
"om_1455",2,0,0.5,"rec",0,0.5,0.6,0,"MSY","H","iid",0
"om_1456",4,0,0.5,"rec",0,0.5,0.6,0,"MSY","H","iid",0
"om_1457",0,0.5,0.5,"rec",0,0.5,0.6,0,"MSY","H","iid",0
"om_1458",1,0.5,0.5,"rec",0,0.5,0.6,0,"MSY","H","iid",0
"om_1459",2,0.5,0.5,"rec",0,0.5,0.6,0,"MSY","H","iid",0
"om_1460",4,0.5,0.5,"rec",0,0.5,0.6,0,"MSY","H","iid",0
"om_1461",0,3,0.5,"rec",0,0.5,0.6,0,"MSY","H","iid",0
"om_1462",1,3,0.5,"rec",0,0.5,0.6,0,"MSY","H","iid",0
"om_1463",2,3,0.5,"rec",0,0.5,0.6,0,"MSY","H","iid",0
"om_1464",4,3,0.5,"rec",0,0.5,0.6,0,"MSY","H","iid",0
"om_1465",0,0,0.02,"rec+1",0,0.5,0.6,0,"MSY","H","iid",0.2
"om_1466",1,0,0.02,"rec+1",0,0.5,0.6,0,"MSY","H","iid",0.2
"om_1467",2,0,0.02,"rec+1",0,0.5,0.6,0,"MSY","H","iid",0.2
"om_1468",4,0,0.02,"rec+1",0,0.5,0.6,0,"MSY","H","iid",0.2
"om_1469",0,0.5,0.02,"rec+1",0,0.5,0.6,0,"MSY","H","iid",0.2
"om_1470",1,0.5,0.02,"rec+1",0,0.5,0.6,0,"MSY","H","iid",0.2
"om_1471",2,0.5,0.02,"rec+1",0,0.5,0.6,0,"MSY","H","iid",0.2
"om_1472",4,0.5,0.02,"rec+1",0,0.5,0.6,0,"MSY","H","iid",0.2
"om_1473",0,3,0.02,"rec+1",0,0.5,0.6,0,"MSY","H","iid",0.2
"om_1474",1,3,0.02,"rec+1",0,0.5,0.6,0,"MSY","H","iid",0.2
"om_1475",2,3,0.02,"rec+1",0,0.5,0.6,0,"MSY","H","iid",0.2
"om_1476",4,3,0.02,"rec+1",0,0.5,0.6,0,"MSY","H","iid",0.2
"om_1477",0,0,0.5,"rec+1",0,0.5,0.6,0,"MSY","H","iid",0.2
"om_1478",1,0,0.5,"rec+1",0,0.5,0.6,0,"MSY","H","iid",0.2
"om_1479",2,0,0.5,"rec+1",0,0.5,0.6,0,"MSY","H","iid",0.2
"om_1480",4,0,0.5,"rec+1",0,0.5,0.6,0,"MSY","H","iid",0.2
"om_1481",0,0.5,0.5,"rec+1",0,0.5,0.6,0,"MSY","H","iid",0.2
"om_1482",1,0.5,0.5,"rec+1",0,0.5,0.6,0,"MSY","H","iid",0.2
"om_1483",2,0.5,0.5,"rec+1",0,0.5,0.6,0,"MSY","H","iid",0.2
"om_1484",4,0.5,0.5,"rec+1",0,0.5,0.6,0,"MSY","H","iid",0.2
"om_1485",0,3,0.5,"rec+1",0,0.5,0.6,0,"MSY","H","iid",0.2
"om_1486",1,3,0.5,"rec+1",0,0.5,0.6,0,"MSY","H","iid",0.2
"om_1487",2,3,0.5,"rec+1",0,0.5,0.6,0,"MSY","H","iid",0.2
"om_1488",4,3,0.5,"rec+1",0,0.5,0.6,0,"MSY","H","iid",0.2
"om_1489",0,0,0.02,"rec",0.5,0.5,0.6,0,"MSY","H","ar1_y",0
"om_1490",1,0,0.02,"rec",0.5,0.5,0.6,0,"MSY","H","ar1_y",0
"om_1491",2,0,0.02,"rec",0.5,0.5,0.6,0,"MSY","H","ar1_y",0
"om_1492",4,0,0.02,"rec",0.5,0.5,0.6,0,"MSY","H","ar1_y",0
"om_1493",0,0.5,0.02,"rec",0.5,0.5,0.6,0,"MSY","H","ar1_y",0
"om_1494",1,0.5,0.02,"rec",0.5,0.5,0.6,0,"MSY","H","ar1_y",0
"om_1495",2,0.5,0.02,"rec",0.5,0.5,0.6,0,"MSY","H","ar1_y",0
"om_1496",4,0.5,0.02,"rec",0.5,0.5,0.6,0,"MSY","H","ar1_y",0
"om_1497",0,3,0.02,"rec",0.5,0.5,0.6,0,"MSY","H","ar1_y",0
"om_1498",1,3,0.02,"rec",0.5,0.5,0.6,0,"MSY","H","ar1_y",0
"om_1499",2,3,0.02,"rec",0.5,0.5,0.6,0,"MSY","H","ar1_y",0
"om_1500",4,3,0.02,"rec",0.5,0.5,0.6,0,"MSY","H","ar1_y",0
"om_1501",0,0,0.5,"rec",0.5,0.5,0.6,0,"MSY","H","ar1_y",0
"om_1502",1,0,0.5,"rec",0.5,0.5,0.6,0,"MSY","H","ar1_y",0
"om_1503",2,0,0.5,"rec",0.5,0.5,0.6,0,"MSY","H","ar1_y",0
"om_1504",4,0,0.5,"rec",0.5,0.5,0.6,0,"MSY","H","ar1_y",0
"om_1505",0,0.5,0.5,"rec",0.5,0.5,0.6,0,"MSY","H","ar1_y",0
"om_1506",1,0.5,0.5,"rec",0.5,0.5,0.6,0,"MSY","H","ar1_y",0
"om_1507",2,0.5,0.5,"rec",0.5,0.5,0.6,0,"MSY","H","ar1_y",0
"om_1508",4,0.5,0.5,"rec",0.5,0.5,0.6,0,"MSY","H","ar1_y",0
"om_1509",0,3,0.5,"rec",0.5,0.5,0.6,0,"MSY","H","ar1_y",0
"om_1510",1,3,0.5,"rec",0.5,0.5,0.6,0,"MSY","H","ar1_y",0
"om_1511",2,3,0.5,"rec",0.5,0.5,0.6,0,"MSY","H","ar1_y",0
"om_1512",4,3,0.5,"rec",0.5,0.5,0.6,0,"MSY","H","ar1_y",0
"om_1513",0,0,0.02,"rec+1",0.5,0.5,0.6,0,"MSY","H","ar1_y",0.2
"om_1514",1,0,0.02,"rec+1",0.5,0.5,0.6,0,"MSY","H","ar1_y",0.2
"om_1515",2,0,0.02,"rec+1",0.5,0.5,0.6,0,"MSY","H","ar1_y",0.2
"om_1516",4,0,0.02,"rec+1",0.5,0.5,0.6,0,"MSY","H","ar1_y",0.2
"om_1517",0,0.5,0.02,"rec+1",0.5,0.5,0.6,0,"MSY","H","ar1_y",0.2
"om_1518",1,0.5,0.02,"rec+1",0.5,0.5,0.6,0,"MSY","H","ar1_y",0.2
"om_1519",2,0.5,0.02,"rec+1",0.5,0.5,0.6,0,"MSY","H","ar1_y",0.2
"om_1520",4,0.5,0.02,"rec+1",0.5,0.5,0.6,0,"MSY","H","ar1_y",0.2
"om_1521",0,3,0.02,"rec+1",0.5,0.5,0.6,0,"MSY","H","ar1_y",0.2
"om_1522",1,3,0.02,"rec+1",0.5,0.5,0.6,0,"MSY","H","ar1_y",0.2
"om_1523",2,3,0.02,"rec+1",0.5,0.5,0.6,0,"MSY","H","ar1_y",0.2
"om_1524",4,3,0.02,"rec+1",0.5,0.5,0.6,0,"MSY","H","ar1_y",0.2
"om_1525",0,0,0.5,"rec+1",0.5,0.5,0.6,0,"MSY","H","ar1_y",0.2
"om_1526",1,0,0.5,"rec+1",0.5,0.5,0.6,0,"MSY","H","ar1_y",0.2
"om_1527",2,0,0.5,"rec+1",0.5,0.5,0.6,0,"MSY","H","ar1_y",0.2
"om_1528",4,0,0.5,"rec+1",0.5,0.5,0.6,0,"MSY","H","ar1_y",0.2
"om_1529",0,0.5,0.5,"rec+1",0.5,0.5,0.6,0,"MSY","H","ar1_y",0.2
"om_1530",1,0.5,0.5,"rec+1",0.5,0.5,0.6,0,"MSY","H","ar1_y",0.2
"om_1531",2,0.5,0.5,"rec+1",0.5,0.5,0.6,0,"MSY","H","ar1_y",0.2
"om_1532",4,0.5,0.5,"rec+1",0.5,0.5,0.6,0,"MSY","H","ar1_y",0.2
"om_1533",0,3,0.5,"rec+1",0.5,0.5,0.6,0,"MSY","H","ar1_y",0.2
"om_1534",1,3,0.5,"rec+1",0.5,0.5,0.6,0,"MSY","H","ar1_y",0.2
"om_1535",2,3,0.5,"rec+1",0.5,0.5,0.6,0,"MSY","H","ar1_y",0.2
"om_1536",4,3,0.5,"rec+1",0.5,0.5,0.6,0,"MSY","H","ar1_y",0.2
